Using pre-set license
Built from '2022.3/china_unity/release' branch; Version is '2022.3.14f1c1 (25540d4d24fc) revision 2446349'; Using compiler version '192829333'; Build Type 'Release'
OS: 'Windows 10  (10.0.19045) 64bit Professional' Language: 'zh' Physical Memory: 32477 MB
BatchMode: 1, IsHumanControllingUs: 0, StartBugReporterOnCrash: 0, Is64bit: 1, IsPro: 1

COMMAND LINE ARGUMENTS:
D:\Unity\2022.3.14f1c1\Editor\Unity.exe
-adb2
-batchMode
-noUpm
-name
AssetImportWorker2
-projectPath
D:/Unity/bishe
-logFile
Logs/AssetImportWorker2.log
-srvPort
61602
Successfully changed project path to: D:/Unity/bishe
D:/Unity/bishe
[UnityMemory] Configuration Parameters - Can be set up in boot.config
    "memorysetup-bucket-allocator-granularity=16"
    "memorysetup-bucket-allocator-bucket-count=8"
    "memorysetup-bucket-allocator-block-size=33554432"
    "memorysetup-bucket-allocator-block-count=8"
    "memorysetup-main-allocator-block-size=16777216"
    "memorysetup-thread-allocator-block-size=16777216"
    "memorysetup-gfx-main-allocator-block-size=16777216"
    "memorysetup-gfx-thread-allocator-block-size=16777216"
    "memorysetup-cache-allocator-block-size=4194304"
    "memorysetup-typetree-allocator-block-size=2097152"
    "memorysetup-profiler-bucket-allocator-granularity=16"
    "memorysetup-profiler-bucket-allocator-bucket-count=8"
    "memorysetup-profiler-bucket-allocator-block-size=33554432"
    "memorysetup-profiler-bucket-allocator-block-count=8"
    "memorysetup-profiler-allocator-block-size=16777216"
    "memorysetup-profiler-editor-allocator-block-size=1048576"
    "memorysetup-temp-allocator-size-main=16777216"
    "memorysetup-job-temp-allocator-block-size=2097152"
    "memorysetup-job-temp-allocator-block-size-background=1048576"
    "memorysetup-job-temp-allocator-reduction-small-platforms=262144"
    "memorysetup-allocator-temp-initial-block-size-main=262144"
    "memorysetup-allocator-temp-initial-block-size-worker=262144"
    "memorysetup-temp-allocator-size-background-worker=32768"
    "memorysetup-temp-allocator-size-job-worker=262144"
    "memorysetup-temp-allocator-size-preload-manager=33554432"
    "memorysetup-temp-allocator-size-nav-mesh-worker=65536"
    "memorysetup-temp-allocator-size-audio-worker=65536"
    "memorysetup-temp-allocator-size-cloud-worker=32768"
    "memorysetup-temp-allocator-size-gi-baking-worker=262144"
    "memorysetup-temp-allocator-size-gfx=262144"
Player connection [5916] Host "[IP] 192.168.10.62 [Port] 0 [Flags] 2 [Guid] 1211965260 [EditorId] 1211965260 [Version] 1048832 [Id] WindowsEditor(7,DESKTOP-ESEM3S1) [Debug] 1 [PackageName] WindowsEditor [ProjectName] Editor" joined multi-casting on [225.0.0.222:54997]...

Player connection [5916] Host "[IP] 192.168.10.62 [Port] 0 [Flags] 2 [Guid] 1211965260 [EditorId] 1211965260 [Version] 1048832 [Id] WindowsEditor(7,DESKTOP-ESEM3S1) [Debug] 1 [PackageName] WindowsEditor [ProjectName] Editor" joined alternative multi-casting on [225.0.0.222:34997]...

[Physics::Module] Initialized MultithreadedJobDispatcher with 11 workers.
Refreshing native plugins compatible for Editor in 37.45 ms, found 18 plugins.
Preloading 2 native plugins for Editor in 3.91 ms.
Initialize engine version: 2022.3.14f1c1 (25540d4d24fc)
[Subsystems] Discovering subsystems at path D:/Unity/2022.3.14f1c1/Editor/Data/Resources/UnitySubsystems
[Subsystems] Discovering subsystems at path D:/Unity/bishe/Assets
GfxDevice: creating device client; threaded=0; jobified=0
Direct3D:
    Version:  Direct3D 11.0 [level 11.1]
    Renderer: NVIDIA GeForce RTX 4060 Ti (ID=0x2805)
    Vendor:   NVIDIA
    VRAM:     16109 MB
    Driver:   32.0.15.6094
Initialize mono
Mono path[0] = 'D:/Unity/2022.3.14f1c1/Editor/Data/Managed'
Mono path[1] = 'D:/Unity/2022.3.14f1c1/Editor/Data/MonoBleedingEdge/lib/mono/unityjit-win32'
Mono config path = 'D:/Unity/2022.3.14f1c1/Editor/Data/MonoBleedingEdge/etc'
Using monoOptions --debugger-agent=transport=dt_socket,embedding=1,server=y,suspend=n,address=127.0.0.1:56228
Begin MonoManager ReloadAssembly
Registering precompiled unity dll's ...
Register platform support module: D:/Unity/2022.3.14f1c1/Editor/Data/PlaybackEngines/AndroidPlayer/UnityEditor.Android.Extensions.dll
Register platform support module: D:/Unity/2022.3.14f1c1/Editor/Data/PlaybackEngines/WindowsStandaloneSupport/UnityEditor.WindowsStandalone.Extensions.dll
Registered in 0.008986 seconds.
- Loaded All Assemblies, in  0.252 seconds
Native extension for WindowsStandalone target not found
Native extension for Android target not found
Android Extension - Scanning For ADB Devices 323 ms
Mono: successfully reloaded assembly
- Finished resetting the current domain, in  0.585 seconds
Domain Reload Profiling: 834ms
	BeginReloadAssembly (83ms)
		ExecutionOrderSort (0ms)
		DisableScriptedObjects (0ms)
		BackupInstance (0ms)
		ReleaseScriptingObjects (0ms)
		CreateAndSetChildDomain (0ms)
	RebuildCommonClasses (22ms)
	RebuildNativeTypeToScriptingClass (7ms)
	initialDomainReloadingComplete (44ms)
	LoadAllAssembliesAndSetupDomain (92ms)
		LoadAssemblies (80ms)
		RebuildTransferFunctionScriptingTraits (0ms)
		AnalyzeDomain (90ms)
			TypeCache.Refresh (89ms)
				TypeCache.ScanAssembly (80ms)
			ScanForSourceGeneratedMonoScriptInfo (0ms)
			ResolveRequiredComponents (0ms)
	FinalizeReload (585ms)
		ReleaseScriptCaches (0ms)
		RebuildScriptCaches (0ms)
		SetupLoadedEditorAssemblies (546ms)
			LogAssemblyErrors (0ms)
			InitializePlatformSupportModulesInManaged (427ms)
			SetLoadedEditorAssemblies (3ms)
			RefreshPlugins (0ms)
			BeforeProcessingInitializeOnLoad (2ms)
			ProcessInitializeOnLoadAttributes (74ms)
			ProcessInitializeOnLoadMethodAttributes (40ms)
			AfterProcessingInitializeOnLoad (0ms)
			EditorAssembliesLoaded (0ms)
		ExecutionOrderSort2 (0ms)
		AwakeInstancesAfterBackupRestoration (0ms)
========================================================================
Worker process is ready to serve import requests
Begin MonoManager ReloadAssembly
- Loaded All Assemblies, in  0.702 seconds
Refreshing native plugins compatible for Editor in 31.56 ms, found 18 plugins.
Native extension for WindowsStandalone target not found
Native extension for Android target not found
Package Manager log level set to [2]
[Package Manager] Server::EnsureServerProcessIsRunning -- launch failed, reason: Unity was launched with the -noUpm command-line argument
[Package Manager] UpmClient::Send -- Unable to send message (not connected to UPM process).
[Package Manager] Cannot connect to Unity Package Manager local server
PXRLog [Build Check]RegisterBuildPlayerHandler,Already Do not show: False
UnityEngine.StackTraceUtility:ExtractStackTrace ()
UnityEngine.DebugLogHandler:LogFormat (UnityEngine.LogType,UnityEngine.Object,string,object[])
UnityEngine.Logger:Log (UnityEngine.LogType,object)
UnityEngine.Debug:Log (object)
Unity.XR.PXR.Editor.PXR_SDKBuildCheck:.cctor () (at E:/graduateschool/bishe/pico sdk/PICO Unity Integration SDK-3.3.0-20250917/Editor/PXR_SDKBuildCheck.cs:31)
System.Runtime.CompilerServices.RuntimeHelpers:RunClassConstructor (System.RuntimeTypeHandle)
UnityEditor.EditorAssemblies:ProcessInitializeOnLoadAttributes (System.Type[])

(Filename: E:/graduateschool/bishe/pico sdk/PICO Unity Integration SDK-3.3.0-20250917/Editor/PXR_SDKBuildCheck.cs Line: 31)

Mono: successfully reloaded assembly
[Package Manager] Server::EnsureServerProcessIsRunning -- launch failed, reason: Unity was launched with the -noUpm command-line argument
[Package Manager] UpmClient::Send -- Unable to send message (not connected to UPM process).
[Package Manager] Cannot connect to Unity Package Manager local server
[Package Manager] Server::EnsureServerProcessIsRunning -- launch failed, reason: Unity was launched with the -noUpm command-line argument
[Package Manager] UpmClient::Send -- Unable to send message (not connected to UPM process).
[Package Manager] Cannot connect to Unity Package Manager local server
- Finished resetting the current domain, in  0.816 seconds
Domain Reload Profiling: 1511ms
	BeginReloadAssembly (131ms)
		ExecutionOrderSort (0ms)
		DisableScriptedObjects (3ms)
		BackupInstance (0ms)
		ReleaseScriptingObjects (0ms)
		CreateAndSetChildDomain (20ms)
	RebuildCommonClasses (36ms)
	RebuildNativeTypeToScriptingClass (14ms)
	initialDomainReloadingComplete (41ms)
	LoadAllAssembliesAndSetupDomain (472ms)
		LoadAssemblies (301ms)
		RebuildTransferFunctionScriptingTraits (0ms)
		AnalyzeDomain (248ms)
			TypeCache.Refresh (169ms)
				TypeCache.ScanAssembly (155ms)
			ScanForSourceGeneratedMonoScriptInfo (52ms)
			ResolveRequiredComponents (26ms)
	FinalizeReload (816ms)
		ReleaseScriptCaches (0ms)
		RebuildScriptCaches (0ms)
		SetupLoadedEditorAssemblies (633ms)
			LogAssemblyErrors (0ms)
			InitializePlatformSupportModulesInManaged (30ms)
			SetLoadedEditorAssemblies (3ms)
			RefreshPlugins (0ms)
			BeforeProcessingInitializeOnLoad (98ms)
			ProcessInitializeOnLoadAttributes (419ms)
			ProcessInitializeOnLoadMethodAttributes (68ms)
			AfterProcessingInitializeOnLoad (14ms)
			EditorAssembliesLoaded (0ms)
		ExecutionOrderSort2 (0ms)
		AwakeInstancesAfterBackupRestoration (7ms)
Launched and connected shader compiler UnityShaderCompiler.exe after 0.05 seconds
Refreshing native plugins compatible for Editor in 23.49 ms, found 18 plugins.
Preloading 2 native plugins for Editor in 0.16 ms.
Unloading 6795 Unused Serialized files (Serialized files now loaded: 0)
Unloading 118 unused Assets / (3.0 MB). Loaded Objects now: 7236.
Memory consumption went from 314.7 MB to 311.8 MB.
Total: 3.939800 ms (FindLiveObjects: 0.476700 ms CreateObjectMapping: 0.122400 ms MarkObjects: 2.748300 ms  DeleteObjects: 0.591700 ms)

AssetImportParameters requested are different than current active one (requested -> active):
  custom:container-demuxer-ogg: 62fdf1f143b41e24485cea50d1cbac27 -> 
  custom:framework-win-MediaFoundation: 216162199b28c13a410421893ffa2e32 -> 
  custom:container-muxer-webm: aa71ff27fc2769a1b78a27578f13a17b -> 
  custom:video-decoder-webm-vp8: 9c59270c3fd7afecdb556c50c9e8de78 -> 
  custom:SearchIndexIgnoredProperties: e643bd26f0fe6173181afceb89e7c659 -> 
  custom:AudioImporter_EditorPlatform: d09bf68614088b80899f8185d706f6e7 -> 
  custom:audio-decoder-ogg-vorbis: bf7c407c2cedff20999df2af8eb42d56 -> 
  custom:audio-encoder-webm-vorbis: bf7c407c2cedff20999df2af8eb42d56 -> 
  custom:video-codec-MediaFoundation-h265: 746d11721c4dcdbdad8f713fa42b33f4 -> 
  custom:video-decoder-ogg-theora: a1e56fd34408186e4bbccfd4996cb3dc -> 
  custom:CustomObjectIndexerAttribute: a3ef5dd2817f97addfee359851a9dba5 -> 
  custom:container-demuxer-webm: 4f35f7cbe854078d1ac9338744f61a02 -> 
  custom:video-encoder-webm-vp8: eb34c28f22e8b96e1ab97ce403110664 -> 
========================================================================
Received Import Request.
  Time since last request: 85678.483990 seconds.
  path: Assets/Scenes/chatsceneofficialui/LightingData.asset
  artifactKey: Guid(e486e9e3b881be040bae82b5a057474d) Importer(815301076,1909f56bfc062723c751e8b465ee728b)
Start importing Assets/Scenes/chatsceneofficialui/LightingData.asset using Guid(e486e9e3b881be040bae82b5a057474d) Importer(815301076,1909f56bfc062723c751e8b465ee728b)  -> (artifact id: '32ab5c03b7ec95939712b2e9a8a44f70') in 0.030055 seconds
Number of updated asset objects reloaded before import = 0
Number of asset objects unloaded after import = 2
========================================================================
Received Import Request.
  Time since last request: 375.461163 seconds.
  path: Assets/Cafe Interior/Models
  artifactKey: Guid(92b3c7be573a0ce4d9bc1896fdd584a9) Importer(815301076,1909f56bfc062723c751e8b465ee728b)
Start importing Assets/Cafe Interior/Models using Guid(92b3c7be573a0ce4d9bc1896fdd584a9) Importer(815301076,1909f56bfc062723c751e8b465ee728b)  -> (artifact id: '08e2eecf580acca7f581a2a1c1ebd5c1') in 0.000529 seconds
Number of updated asset objects reloaded before import = 0
Number of asset objects unloaded after import = 0
========================================================================
Received Import Request.
  Time since last request: 0.068025 seconds.
  path: Assets/Cafe Interior/Models/Air conditioner.FBX
  artifactKey: Guid(17fdd994c492aaf4394b58139013032e) Importer(815301076,1909f56bfc062723c751e8b465ee728b)
Start importing Assets/Cafe Interior/Models/Air conditioner.FBX using Guid(17fdd994c492aaf4394b58139013032e) Importer(815301076,1909f56bfc062723c751e8b465ee728b)  -> (artifact id: 'da02af53961653ecddec027762096d72') in 0.229521 seconds
Number of updated asset objects reloaded before import = 0
Number of asset objects unloaded after import = 11
========================================================================
Received Import Request.
  Time since last request: 0.000026 seconds.
  path: Assets/Cafe Interior/Models/Blackboard 2.FBX
  artifactKey: Guid(db9c730376eeb594d8f07e8c93f7dbe4) Importer(815301076,1909f56bfc062723c751e8b465ee728b)
Start importing Assets/Cafe Interior/Models/Blackboard 2.FBX using Guid(db9c730376eeb594d8f07e8c93f7dbe4) Importer(815301076,1909f56bfc062723c751e8b465ee728b)  -> (artifact id: '4c18276eb814b92fdf7c004cd4fb9641') in 0.026309 seconds
Number of updated asset objects reloaded before import = 0
Number of asset objects unloaded after import = 10
========================================================================
Received Import Request.
  Time since last request: 0.000025 seconds.
  path: Assets/Cafe Interior/Models/Glass 1.FBX
  artifactKey: Guid(e9c80812a7a45ee48ab6861b1b424a93) Importer(815301076,1909f56bfc062723c751e8b465ee728b)
Start importing Assets/Cafe Interior/Models/Glass 1.FBX using Guid(e9c80812a7a45ee48ab6861b1b424a93) Importer(815301076,1909f56bfc062723c751e8b465ee728b)  -> (artifact id: 'a558c344d2806322daa4f91a6de18845') in 0.015359 seconds
Number of updated asset objects reloaded before import = 0
Number of asset objects unloaded after import = 9
========================================================================
Received Import Request.
  Time since last request: 0.000015 seconds.
  path: Assets/Cafe Interior/Models/Coffee machine.FBX
  artifactKey: Guid(d546036d34e8f5c4c8c146cc35382a2a) Importer(815301076,1909f56bfc062723c751e8b465ee728b)
Start importing Assets/Cafe Interior/Models/Coffee machine.FBX using Guid(d546036d34e8f5c4c8c146cc35382a2a) Importer(815301076,1909f56bfc062723c751e8b465ee728b)  -> (artifact id: '861c554776ef7c5ab5781edef97922f0') in 0.031762 seconds
Number of updated asset objects reloaded before import = 0
Number of asset objects unloaded after import = 11
========================================================================
Received Import Request.
  Time since last request: 0.000019 seconds.
  path: Assets/Cafe Interior/Models/Wall lamp.FBX
  artifactKey: Guid(83b969c16c49ffc42a4109e50a518bbd) Importer(815301076,1909f56bfc062723c751e8b465ee728b)
Start importing Assets/Cafe Interior/Models/Wall lamp.FBX using Guid(83b969c16c49ffc42a4109e50a518bbd) Importer(815301076,1909f56bfc062723c751e8b465ee728b)  -> (artifact id: '49940caf5686d9ec768a3a664747555e') in 0.022122 seconds
Number of updated asset objects reloaded before import = 0
Number of asset objects unloaded after import = 11
========================================================================
Received Import Request.
  Time since last request: 0.000019 seconds.
  path: Assets/Cafe Interior/Models/Ceiling.FBX
  artifactKey: Guid(0f39b24ae6d8eae438d1da20b717ab67) Importer(815301076,1909f56bfc062723c751e8b465ee728b)
Start importing Assets/Cafe Interior/Models/Ceiling.FBX using Guid(0f39b24ae6d8eae438d1da20b717ab67) Importer(815301076,1909f56bfc062723c751e8b465ee728b)  -> (artifact id: '55dc869101f0ac10e99818121ae72395') in 0.016514 seconds
Number of updated asset objects reloaded before import = 0
Number of asset objects unloaded after import = 9
========================================================================
Received Import Request.
  Time since last request: 0.000023 seconds.
  path: Assets/Cafe Interior/Models/Bottle 4.FBX
  artifactKey: Guid(587083ad2ff8c114eb1f9e04808c4295) Importer(815301076,1909f56bfc062723c751e8b465ee728b)
Start importing Assets/Cafe Interior/Models/Bottle 4.FBX using Guid(587083ad2ff8c114eb1f9e04808c4295) Importer(815301076,1909f56bfc062723c751e8b465ee728b)  -> (artifact id: 'acce31864955dd5307679e115c6fff71') in 0.016606 seconds
Number of updated asset objects reloaded before import = 0
Number of asset objects unloaded after import = 11
========================================================================
Received Import Request.
  Time since last request: 0.000021 seconds.
  path: Assets/Cafe Interior/Models/Bottle 6.FBX
  artifactKey: Guid(bce98044fba5b7045a5a34c8a1b8d7df) Importer(815301076,1909f56bfc062723c751e8b465ee728b)
Start importing Assets/Cafe Interior/Models/Bottle 6.FBX using Guid(bce98044fba5b7045a5a34c8a1b8d7df) Importer(815301076,1909f56bfc062723c751e8b465ee728b)  -> (artifact id: '55b6a85afe27caf5b499099806625de6') in 0.018389 seconds
Number of updated asset objects reloaded before import = 0
Number of asset objects unloaded after import = 11
========================================================================
Received Import Request.
  Time since last request: 0.000018 seconds.
  path: Assets/Cafe Interior/Models/Table.FBX
  artifactKey: Guid(ba08282eebfc6dc4697c5c460afa7f76) Importer(815301076,1909f56bfc062723c751e8b465ee728b)
Start importing Assets/Cafe Interior/Models/Table.FBX using Guid(ba08282eebfc6dc4697c5c460afa7f76) Importer(815301076,1909f56bfc062723c751e8b465ee728b)  -> (artifact id: 'a21c261049c75783679a44d898fc8d44') in 0.037231 seconds
Number of updated asset objects reloaded before import = 0
Number of asset objects unloaded after import = 13
========================================================================
Received Import Request.
  Time since last request: 0.000020 seconds.
  path: Assets/Cafe Interior/Models/Beer Tap.FBX
  artifactKey: Guid(4319b8c876428c7498a3778a2ae59054) Importer(815301076,1909f56bfc062723c751e8b465ee728b)
Start importing Assets/Cafe Interior/Models/Beer Tap.FBX using Guid(4319b8c876428c7498a3778a2ae59054) Importer(815301076,1909f56bfc062723c751e8b465ee728b)  -> (artifact id: '532bbca87322c8738821f483f01fea9c') in 0.016122 seconds
Number of updated asset objects reloaded before import = 0
Number of asset objects unloaded after import = 10
========================================================================
Received Import Request.
  Time since last request: 0.000026 seconds.
  path: Assets/Cafe Interior/Models/Cake 2.FBX
  artifactKey: Guid(c92cf783aea81a648a471c85704a95a8) Importer(815301076,1909f56bfc062723c751e8b465ee728b)
Start importing Assets/Cafe Interior/Models/Cake 2.FBX using Guid(c92cf783aea81a648a471c85704a95a8) Importer(815301076,1909f56bfc062723c751e8b465ee728b)  -> (artifact id: '7867cf03e346062ba8987a5c7766c9a6') in 0.041485 seconds
Number of updated asset objects reloaded before import = 0
Number of asset objects unloaded after import = 13
========================================================================
Received Import Request.
  Time since last request: 0.000020 seconds.
  path: Assets/Cafe Interior/Models/Floor.FBX
  artifactKey: Guid(80e9995bf9b21d345a06e6f63993ba1e) Importer(815301076,1909f56bfc062723c751e8b465ee728b)
Start importing Assets/Cafe Interior/Models/Floor.FBX using Guid(80e9995bf9b21d345a06e6f63993ba1e) Importer(815301076,1909f56bfc062723c751e8b465ee728b)  -> (artifact id: 'c20b6cea66c58f1445081ed40dfe26ef') in 0.085087 seconds
Number of updated asset objects reloaded before import = 0
Number of asset objects unloaded after import = 11
========================================================================
Received Import Request.
  Time since last request: 0.000017 seconds.
  path: Assets/Cafe Interior/Models/Cabinet.FBX
  artifactKey: Guid(bcb2629a4657331428c8a4fff3b46ed7) Importer(815301076,1909f56bfc062723c751e8b465ee728b)
Start importing Assets/Cafe Interior/Models/Cabinet.FBX using Guid(bcb2629a4657331428c8a4fff3b46ed7) Importer(815301076,1909f56bfc062723c751e8b465ee728b)  -> (artifact id: 'c26d2938a00f41693b32b421f31a8e0e') in 0.032997 seconds
Number of updated asset objects reloaded before import = 0
Number of asset objects unloaded after import = 12
========================================================================
Received Import Request.
  Time since last request: 0.000018 seconds.
  path: Assets/Cafe Interior/Models/Newspaper.FBX
  artifactKey: Guid(41b17ce46468bf14ca80107b2a832959) Importer(815301076,1909f56bfc062723c751e8b465ee728b)
Start importing Assets/Cafe Interior/Models/Newspaper.FBX using Guid(41b17ce46468bf14ca80107b2a832959) Importer(815301076,1909f56bfc062723c751e8b465ee728b)  -> (artifact id: '38c53a765a7b20efeaa4ab3cd7085096') in 0.020979 seconds
Number of updated asset objects reloaded before import = 0
Number of asset objects unloaded after import = 10
========================================================================
Received Import Request.
  Time since last request: 0.000023 seconds.
  path: Assets/Cafe Interior/Models/Wall 3.FBX
  artifactKey: Guid(ca8006007974dc042a4591d430f3b7b1) Importer(815301076,1909f56bfc062723c751e8b465ee728b)
Start importing Assets/Cafe Interior/Models/Wall 3.FBX using Guid(ca8006007974dc042a4591d430f3b7b1) Importer(815301076,1909f56bfc062723c751e8b465ee728b)  -> (artifact id: '81dffe949acf7173b33afce613e97a84') in 0.074350 seconds
Number of updated asset objects reloaded before import = 0
Number of asset objects unloaded after import = 11
========================================================================
Received Import Request.
  Time since last request: 0.000029 seconds.
  path: Assets/Cafe Interior/Models/Pictures 1.FBX
  artifactKey: Guid(7ff6813bb5fec96449dfeca08becbb66) Importer(815301076,1909f56bfc062723c751e8b465ee728b)
Start importing Assets/Cafe Interior/Models/Pictures 1.FBX using Guid(7ff6813bb5fec96449dfeca08becbb66) Importer(815301076,1909f56bfc062723c751e8b465ee728b)  -> (artifact id: '6c12464c151f035b0d9b5e08078dd8d5') in 0.022641 seconds
Number of updated asset objects reloaded before import = 0
Number of asset objects unloaded after import = 10
========================================================================
Received Import Request.
  Time since last request: 0.000017 seconds.
  path: Assets/Cafe Interior/Models/Beer 2.FBX
  artifactKey: Guid(4a86f9d351c9bc24ba3f71450ef5a733) Importer(815301076,1909f56bfc062723c751e8b465ee728b)
Start importing Assets/Cafe Interior/Models/Beer 2.FBX using Guid(4a86f9d351c9bc24ba3f71450ef5a733) Importer(815301076,1909f56bfc062723c751e8b465ee728b)  -> (artifact id: 'ddc820a3fe747e04662d994496f07177') in 0.023980 seconds
Number of updated asset objects reloaded before import = 0
Number of asset objects unloaded after import = 10
========================================================================
Received Import Request.
  Time since last request: 0.000020 seconds.
  path: Assets/Cafe Interior/Models/Wall 1.FBX
  artifactKey: Guid(76bc120b6f674ec45bae2c94648cfd07) Importer(815301076,1909f56bfc062723c751e8b465ee728b)
Start importing Assets/Cafe Interior/Models/Wall 1.FBX using Guid(76bc120b6f674ec45bae2c94648cfd07) Importer(815301076,1909f56bfc062723c751e8b465ee728b)  -> (artifact id: '9cfa51fa3660b584c09058a0412ac465') in 0.086803 seconds
Number of updated asset objects reloaded before import = 0
Number of asset objects unloaded after import = 14
========================================================================
Received Import Request.
  Time since last request: 0.000018 seconds.
  path: Assets/Cafe Interior/Models/Wall 5.FBX
  artifactKey: Guid(864361fd12bdfb1488a6358432642ec5) Importer(815301076,1909f56bfc062723c751e8b465ee728b)
Start importing Assets/Cafe Interior/Models/Wall 5.FBX using Guid(864361fd12bdfb1488a6358432642ec5) Importer(815301076,1909f56bfc062723c751e8b465ee728b)  -> (artifact id: 'e64b99c591b962325fc5429e33e36d1c') in 0.093983 seconds
Number of updated asset objects reloaded before import = 0
Number of asset objects unloaded after import = 14
========================================================================
Received Import Request.
  Time since last request: 0.000021 seconds.
  path: Assets/Cafe Interior/Models/Fresh cola.FBX
  artifactKey: Guid(ec1da997a1bcbb340831787ef4f1fdbc) Importer(815301076,1909f56bfc062723c751e8b465ee728b)
Start importing Assets/Cafe Interior/Models/Fresh cola.FBX using Guid(ec1da997a1bcbb340831787ef4f1fdbc) Importer(815301076,1909f56bfc062723c751e8b465ee728b)  -> (artifact id: 'e88a017f6eb9d9802b467aa50ea45ad4') in 0.034441 seconds
Number of updated asset objects reloaded before import = 0
Number of asset objects unloaded after import = 11
========================================================================
Received Import Request.
  Time since last request: 0.000023 seconds.
  path: Assets/Cafe Interior/Models/Dish 1.FBX
  artifactKey: Guid(31d3a0974a11ca0499873e7cd659c712) Importer(815301076,1909f56bfc062723c751e8b465ee728b)
Start importing Assets/Cafe Interior/Models/Dish 1.FBX using Guid(31d3a0974a11ca0499873e7cd659c712) Importer(815301076,1909f56bfc062723c751e8b465ee728b)  -> (artifact id: 'f577740166645fad122734dd036adc75') in 0.025798 seconds
Number of updated asset objects reloaded before import = 0
Number of asset objects unloaded after import = 10
========================================================================
Received Import Request.
  Time since last request: 0.000018 seconds.
  path: Assets/Cafe Interior/Models/Focus light.FBX
  artifactKey: Guid(6eb22e8bcbc97de4c8069bdf66a5d0a5) Importer(815301076,1909f56bfc062723c751e8b465ee728b)
Start importing Assets/Cafe Interior/Models/Focus light.FBX using Guid(6eb22e8bcbc97de4c8069bdf66a5d0a5) Importer(815301076,1909f56bfc062723c751e8b465ee728b)  -> (artifact id: '11e05a28e129c2bb2f43e937c42662b2') in 0.024962 seconds
Number of updated asset objects reloaded before import = 0
Number of asset objects unloaded after import = 11
========================================================================
Received Import Request.
  Time since last request: 0.000017 seconds.
  path: Assets/Cafe Interior/Models/Cup.FBX
  artifactKey: Guid(02bc901fa2087104e850dea7c87ee208) Importer(815301076,1909f56bfc062723c751e8b465ee728b)
Start importing Assets/Cafe Interior/Models/Cup.FBX using Guid(02bc901fa2087104e850dea7c87ee208) Importer(815301076,1909f56bfc062723c751e8b465ee728b)  -> (artifact id: 'cf5a889f3fe6f3790bcc7e498fb27132') in 0.025118 seconds
Number of updated asset objects reloaded before import = 0
Number of asset objects unloaded after import = 10
========================================================================
Received Import Request.
  Time since last request: 0.000020 seconds.
  path: Assets/Cafe Interior/Models/Cakes.FBX
  artifactKey: Guid(8b0c23be68cbb904fa36253e031cf238) Importer(815301076,1909f56bfc062723c751e8b465ee728b)
Start importing Assets/Cafe Interior/Models/Cakes.FBX using Guid(8b0c23be68cbb904fa36253e031cf238) Importer(815301076,1909f56bfc062723c751e8b465ee728b)  -> (artifact id: '706d5c50e249fa030d45f4a5b21a76d5') in 0.023015 seconds
Number of updated asset objects reloaded before import = 0
Number of asset objects unloaded after import = 10
========================================================================
Received Import Request.
  Time since last request: 0.000016 seconds.
  path: Assets/Cafe Interior/Models/Beer.FBX
  artifactKey: Guid(cb04856f8caae8f4c8971b0c715197b1) Importer(815301076,1909f56bfc062723c751e8b465ee728b)
Start importing Assets/Cafe Interior/Models/Beer.FBX using Guid(cb04856f8caae8f4c8971b0c715197b1) Importer(815301076,1909f56bfc062723c751e8b465ee728b)  -> (artifact id: '68f3f54992ce50f246cf9466dcef65a0') in 0.035548 seconds
Number of updated asset objects reloaded before import = 0
Number of asset objects unloaded after import = 11
========================================================================
Received Import Request.
  Time since last request: 0.000016 seconds.
  path: Assets/Cafe Interior/Models/Window.FBX
  artifactKey: Guid(f2a3fb3697a45314791da166af11d29a) Importer(815301076,1909f56bfc062723c751e8b465ee728b)
Start importing Assets/Cafe Interior/Models/Window.FBX using Guid(f2a3fb3697a45314791da166af11d29a) Importer(815301076,1909f56bfc062723c751e8b465ee728b)  -> (artifact id: '9962828fa2bef5e995f479960f4cb94a') in 0.024225 seconds
Number of updated asset objects reloaded before import = 0
Number of asset objects unloaded after import = 11
========================================================================
Received Import Request.
  Time since last request: 0.000019 seconds.
  path: Assets/Cafe Interior/Models/Exterior.FBX
  artifactKey: Guid(16801ee3c68e49d4a938efa0fb7466c5) Importer(815301076,1909f56bfc062723c751e8b465ee728b)
Start importing Assets/Cafe Interior/Models/Exterior.FBX using Guid(16801ee3c68e49d4a938efa0fb7466c5) Importer(815301076,1909f56bfc062723c751e8b465ee728b)  -> (artifact id: '5099116218f4a5634b97d1ec97e5673f') in 0.044626 seconds
Number of updated asset objects reloaded before import = 0
Number of asset objects unloaded after import = 14
========================================================================
Received Import Request.
  Time since last request: 0.000025 seconds.
  path: Assets/Cafe Interior/Models/Churros.FBX
  artifactKey: Guid(70519545381fab1448dc36d97c8df12e) Importer(815301076,1909f56bfc062723c751e8b465ee728b)
Start importing Assets/Cafe Interior/Models/Churros.FBX using Guid(70519545381fab1448dc36d97c8df12e) Importer(815301076,1909f56bfc062723c751e8b465ee728b)  -> (artifact id: '778dd017a58ee14a0d1709842ceab392') in 0.034578 seconds
Number of updated asset objects reloaded before import = 0
Number of asset objects unloaded after import = 12
========================================================================
Received Import Request.
  Time since last request: 0.000019 seconds.
  path: Assets/Cafe Interior/Models/Coffee 2.FBX
  artifactKey: Guid(e7d6b14de8646754eb7cbe51691970b7) Importer(815301076,1909f56bfc062723c751e8b465ee728b)
Start importing Assets/Cafe Interior/Models/Coffee 2.FBX using Guid(e7d6b14de8646754eb7cbe51691970b7) Importer(815301076,1909f56bfc062723c751e8b465ee728b)  -> (artifact id: '09f90c07181681709bdf5e3b967c4ea5') in 0.025687 seconds
Number of updated asset objects reloaded before import = 0
Number of asset objects unloaded after import = 10
========================================================================
Received Import Request.
  Time since last request: 0.000018 seconds.
  path: Assets/Cafe Interior/Models/Ceiling lamp.FBX
  artifactKey: Guid(1ce0f8d469ba8b443a571c563a59f1ee) Importer(815301076,1909f56bfc062723c751e8b465ee728b)
Start importing Assets/Cafe Interior/Models/Ceiling lamp.FBX using Guid(1ce0f8d469ba8b443a571c563a59f1ee) Importer(815301076,1909f56bfc062723c751e8b465ee728b)  -> (artifact id: '02f97c08d6754056895541c3b3301a95') in 0.027245 seconds
Number of updated asset objects reloaded before import = 0
Number of asset objects unloaded after import = 12
========================================================================
Received Import Request.
  Time since last request: 0.000017 seconds.
  path: Assets/Cafe Interior/Models/Cookies.FBX
  artifactKey: Guid(980b7027d65215d41bdce1d9d7dd7ba3) Importer(815301076,1909f56bfc062723c751e8b465ee728b)
Start importing Assets/Cafe Interior/Models/Cookies.FBX using Guid(980b7027d65215d41bdce1d9d7dd7ba3) Importer(815301076,1909f56bfc062723c751e8b465ee728b)  -> (artifact id: '2582788309e6a56ab65dd25fbd45b4ee') in 0.036742 seconds
Number of updated asset objects reloaded before import = 0
Number of asset objects unloaded after import = 13
========================================================================
Received Import Request.
  Time since last request: 0.000019 seconds.
  path: Assets/Cafe Interior/Models/Jar.FBX
  artifactKey: Guid(436599919a3bbdc4eb7a148f00cbb5e7) Importer(815301076,1909f56bfc062723c751e8b465ee728b)
Start importing Assets/Cafe Interior/Models/Jar.FBX using Guid(436599919a3bbdc4eb7a148f00cbb5e7) Importer(815301076,1909f56bfc062723c751e8b465ee728b)  -> (artifact id: '8ca527aee25012d9e29ea52602c6c711') in 0.036073 seconds
Number of updated asset objects reloaded before import = 0
Number of asset objects unloaded after import = 12
========================================================================
Received Import Request.
  Time since last request: 7.890226 seconds.
  path: Assets/Cafe Interior/Scripts
  artifactKey: Guid(d9be096c33563804e9172e74d2912e5d) Importer(815301076,1909f56bfc062723c751e8b465ee728b)
Start importing Assets/Cafe Interior/Scripts using Guid(d9be096c33563804e9172e74d2912e5d) Importer(815301076,1909f56bfc062723c751e8b465ee728b)  -> (artifact id: 'e0c4f126d3fab948eab3e061965db2a4') in 0.000499 seconds
Number of updated asset objects reloaded before import = 0
Number of asset objects unloaded after import = 0
========================================================================
Received Import Request.
  Time since last request: 0.893440 seconds.
  path: Assets/Cafe Interior/Scripts/RotateMoveCamera.cs
  artifactKey: Guid(49bc0be26ebe66043bf17897ce17bbbb) Importer(815301076,1909f56bfc062723c751e8b465ee728b)
Start importing Assets/Cafe Interior/Scripts/RotateMoveCamera.cs using Guid(49bc0be26ebe66043bf17897ce17bbbb) Importer(815301076,1909f56bfc062723c751e8b465ee728b)  -> (artifact id: 'f0f194a8c963313acc0f5c789f8982f1') in 0.000491 seconds
Number of updated asset objects reloaded before import = 0
Number of asset objects unloaded after import = 0
========================================================================
Received Prepare
Begin MonoManager ReloadAssembly
- Loaded All Assemblies, in  0.494 seconds
Refreshing native plugins compatible for Editor in 19.09 ms, found 18 plugins.
Native extension for WindowsStandalone target not found
Native extension for Android target not found
[Package Manager] Server::EnsureServerProcessIsRunning -- launch failed, reason: Unity was launched with the -noUpm command-line argument
[Package Manager] UpmClient::Send -- Unable to send message (not connected to UPM process).
[Package Manager] Cannot connect to Unity Package Manager local server
PXRLog [Build Check]RegisterBuildPlayerHandler,Already Do not show: False
UnityEngine.StackTraceUtility:ExtractStackTrace ()
UnityEngine.DebugLogHandler:LogFormat (UnityEngine.LogType,UnityEngine.Object,string,object[])
UnityEngine.Logger:Log (UnityEngine.LogType,object)
UnityEngine.Debug:Log (object)
Unity.XR.PXR.Editor.PXR_SDKBuildCheck:.cctor () (at E:/graduateschool/bishe/pico sdk/PICO Unity Integration SDK-3.3.0-20250917/Editor/PXR_SDKBuildCheck.cs:31)
System.Runtime.CompilerServices.RuntimeHelpers:RunClassConstructor (System.RuntimeTypeHandle)
UnityEditor.EditorAssemblies:ProcessInitializeOnLoadAttributes (System.Type[])

(Filename: E:/graduateschool/bishe/pico sdk/PICO Unity Integration SDK-3.3.0-20250917/Editor/PXR_SDKBuildCheck.cs Line: 31)

CreateSerializedAsset is not supported while importing out-of-process
UnityEngine.StackTraceUtility:ExtractStackTrace ()
Unity.XR.PXR.PXR_ProjectSetting:GetProjectConfig () (at E:/graduateschool/bishe/pico sdk/PICO Unity Integration SDK-3.3.0-20250917/Runtime/Scripts/PXR_ProjectSetting.cs:122)
Unity.XR.PXR.Editor.PXR_SDKSettingEditor:InitializeOnLoad () (at E:/graduateschool/bishe/pico sdk/PICO Unity Integration SDK-3.3.0-20250917/Editor/PXR_SDKSettingEditor.cs:146)
System.Reflection.RuntimeMethodInfo:Invoke (object,System.Reflection.BindingFlags,System.Reflection.Binder,object[],System.Globalization.CultureInfo)
System.Reflection.MethodBase:Invoke (object,object[])
UnityEditor.EditorAssemblies:ProcessInitializeOnLoadMethodAttributes ()

[E:/graduateschool/bishe/pico sdk/PICO Unity Integration SDK-3.3.0-20250917/Runtime/Scripts/PXR_ProjectSetting.cs line 122]

System.Reflection.TargetInvocationException: Exception has been thrown by the target of an invocation. ---> UnityEngine.UnityException: Creating asset at path Assets/Resources/PXR_ProjectSetting.asset failed.
  at (wrapper managed-to-native) UnityEditor.AssetDatabase.CreateAsset(UnityEngine.Object,string)
  at Unity.XR.PXR.PXR_ProjectSetting.GetProjectConfig () [0x00161] in E:\graduateschool\bishe\pico sdk\PICO Unity Integration SDK-3.3.0-20250917\Runtime\Scripts\PXR_ProjectSetting.cs:122 
  at Unity.XR.PXR.Editor.PXR_SDKSettingEditor.InitializeOnLoad () [0x00000] in E:\graduateschool\bishe\pico sdk\PICO Unity Integration SDK-3.3.0-20250917\Editor\PXR_SDKSettingEditor.cs:146 
  at (wrapper managed-to-native) System.Reflection.RuntimeMethodInfo.InternalInvoke(System.Reflection.RuntimeMethodInfo,object,object[],System.Exception&)
  at System.Reflection.RuntimeMethodInfo.Invoke (System.Object obj, System.Reflection.BindingFlags invokeAttr, System.Reflection.Binder binder, System.Object[] parameters, System.Globalization.CultureInfo culture) [0x0006a] in <a3b02d6f9b494355b946095ea1f25c54>:0 
   --- End of inner exception stack trace ---
  at System.Reflection.RuntimeMethodInfo.Invoke (System.Object obj, System.Reflection.BindingFlags invokeAttr, System.Reflection.Binder binder, System.Object[] parameters, System.Globalization.CultureInfo culture) [0x00083] in <a3b02d6f9b494355b946095ea1f25c54>:0 
  at System.Reflection.MethodBase.Invoke (System.Object obj, System.Object[] parameters) [0x00000] in <a3b02d6f9b494355b946095ea1f25c54>:0 
  at UnityEditor.EditorAssemblies.ProcessInitializeOnLoadMethodAttributes () [0x000a5] in <227afaeeb5894c00b1d9aa4278f87f8c>:0 
UnityEngine.StackTraceUtility:ExtractStackTrace ()
UnityEngine.DebugLogHandler:LogFormat (UnityEngine.LogType,UnityEngine.Object,string,object[])
UnityEngine.Logger:Log (UnityEngine.LogType,object)
UnityEngine.Debug:LogError (object)
UnityEditor.EditorAssemblies:ProcessInitializeOnLoadMethodAttributes ()

Mono: successfully reloaded assembly
[Package Manager] Server::EnsureServerProcessIsRunning -- launch failed, reason: Unity was launched with the -noUpm command-line argument
[Package Manager] UpmClient::Send -- Unable to send message (not connected to UPM process).
[Package Manager] Cannot connect to Unity Package Manager local server
- Finished resetting the current domain, in  1.351 seconds
Domain Reload Profiling: 1834ms
	BeginReloadAssembly (176ms)
		ExecutionOrderSort (0ms)
		DisableScriptedObjects (7ms)
		BackupInstance (0ms)
		ReleaseScriptingObjects (0ms)
		CreateAndSetChildDomain (44ms)
	RebuildCommonClasses (22ms)
	RebuildNativeTypeToScriptingClass (11ms)
	initialDomainReloadingComplete (29ms)
	LoadAllAssembliesAndSetupDomain (245ms)
		LoadAssemblies (283ms)
		RebuildTransferFunctionScriptingTraits (0ms)
		AnalyzeDomain (42ms)
			TypeCache.Refresh (8ms)
				TypeCache.ScanAssembly (2ms)
			ScanForSourceGeneratedMonoScriptInfo (23ms)
			ResolveRequiredComponents (10ms)
	FinalizeReload (1351ms)
		ReleaseScriptCaches (0ms)
		RebuildScriptCaches (0ms)
		SetupLoadedEditorAssemblies (499ms)
			LogAssemblyErrors (0ms)
			InitializePlatformSupportModulesInManaged (25ms)
			SetLoadedEditorAssemblies (3ms)
			RefreshPlugins (0ms)
			BeforeProcessingInitializeOnLoad (67ms)
			ProcessInitializeOnLoadAttributes (339ms)
			ProcessInitializeOnLoadMethodAttributes (51ms)
			AfterProcessingInitializeOnLoad (13ms)
			EditorAssembliesLoaded (0ms)
		ExecutionOrderSort2 (0ms)
		AwakeInstancesAfterBackupRestoration (13ms)
Refreshing native plugins compatible for Editor in 23.71 ms, found 18 plugins.
Preloading 2 native plugins for Editor in 0.16 ms.
Unloading 6443 Unused Serialized files (Serialized files now loaded: 0)
Unloading 125 unused Assets / (2.6 MB). Loaded Objects now: 7245.
Memory consumption went from 257.9 MB to 255.2 MB.
Total: 4.547600 ms (FindLiveObjects: 0.455000 ms CreateObjectMapping: 0.449500 ms MarkObjects: 3.099300 ms  DeleteObjects: 0.543200 ms)

Prepare: number of updated asset objects reloaded= 21
AssetImportParameters requested are different than current active one (requested -> active):
  custom:container-demuxer-ogg: 62fdf1f143b41e24485cea50d1cbac27 -> 
  custom:framework-win-MediaFoundation: 216162199b28c13a410421893ffa2e32 -> 
  custom:container-muxer-webm: aa71ff27fc2769a1b78a27578f13a17b -> 
  custom:video-decoder-webm-vp8: 9c59270c3fd7afecdb556c50c9e8de78 -> 
  custom:SearchIndexIgnoredProperties: e643bd26f0fe6173181afceb89e7c659 -> 
  custom:AudioImporter_EditorPlatform: d09bf68614088b80899f8185d706f6e7 -> 
  custom:audio-decoder-ogg-vorbis: bf7c407c2cedff20999df2af8eb42d56 -> 
  custom:audio-encoder-webm-vorbis: bf7c407c2cedff20999df2af8eb42d56 -> 
  custom:video-codec-MediaFoundation-h265: 746d11721c4dcdbdad8f713fa42b33f4 -> 
  custom:video-decoder-ogg-theora: a1e56fd34408186e4bbccfd4996cb3dc -> 
  custom:CustomObjectIndexerAttribute: a3ef5dd2817f97addfee359851a9dba5 -> 
  custom:container-demuxer-webm: 4f35f7cbe854078d1ac9338744f61a02 -> 
  custom:video-encoder-webm-vp8: eb34c28f22e8b96e1ab97ce403110664 -> 
========================================================================
Received Prepare
Begin MonoManager ReloadAssembly
- Loaded All Assemblies, in  0.518 seconds
Refreshing native plugins compatible for Editor in 19.49 ms, found 18 plugins.
Native extension for WindowsStandalone target not found
Native extension for Android target not found
[Package Manager] Server::EnsureServerProcessIsRunning -- launch failed, reason: Unity was launched with the -noUpm command-line argument
[Package Manager] UpmClient::Send -- Unable to send message (not connected to UPM process).
[Package Manager] Cannot connect to Unity Package Manager local server
PXRLog [Build Check]RegisterBuildPlayerHandler,Already Do not show: False
UnityEngine.StackTraceUtility:ExtractStackTrace ()
UnityEngine.DebugLogHandler:LogFormat (UnityEngine.LogType,UnityEngine.Object,string,object[])
UnityEngine.Logger:Log (UnityEngine.LogType,object)
UnityEngine.Debug:Log (object)
Unity.XR.PXR.Editor.PXR_SDKBuildCheck:.cctor () (at E:/graduateschool/bishe/pico sdk/PICO Unity Integration SDK-3.3.0-20250917/Editor/PXR_SDKBuildCheck.cs:31)
System.Runtime.CompilerServices.RuntimeHelpers:RunClassConstructor (System.RuntimeTypeHandle)
UnityEditor.EditorAssemblies:ProcessInitializeOnLoadAttributes (System.Type[])

(Filename: E:/graduateschool/bishe/pico sdk/PICO Unity Integration SDK-3.3.0-20250917/Editor/PXR_SDKBuildCheck.cs Line: 31)

CreateSerializedAsset is not supported while importing out-of-process
UnityEngine.StackTraceUtility:ExtractStackTrace ()
Unity.XR.PXR.PXR_ProjectSetting:GetProjectConfig () (at E:/graduateschool/bishe/pico sdk/PICO Unity Integration SDK-3.3.0-20250917/Runtime/Scripts/PXR_ProjectSetting.cs:122)
Unity.XR.PXR.Editor.PXR_SDKSettingEditor:InitializeOnLoad () (at E:/graduateschool/bishe/pico sdk/PICO Unity Integration SDK-3.3.0-20250917/Editor/PXR_SDKSettingEditor.cs:146)
System.Reflection.RuntimeMethodInfo:Invoke (object,System.Reflection.BindingFlags,System.Reflection.Binder,object[],System.Globalization.CultureInfo)
System.Reflection.MethodBase:Invoke (object,object[])
UnityEditor.EditorAssemblies:ProcessInitializeOnLoadMethodAttributes ()

[E:/graduateschool/bishe/pico sdk/PICO Unity Integration SDK-3.3.0-20250917/Runtime/Scripts/PXR_ProjectSetting.cs line 122]

System.Reflection.TargetInvocationException: Exception has been thrown by the target of an invocation. ---> UnityEngine.UnityException: Creating asset at path Assets/Resources/PXR_ProjectSetting.asset failed.
  at (wrapper managed-to-native) UnityEditor.AssetDatabase.CreateAsset(UnityEngine.Object,string)
  at Unity.XR.PXR.PXR_ProjectSetting.GetProjectConfig () [0x00161] in E:\graduateschool\bishe\pico sdk\PICO Unity Integration SDK-3.3.0-20250917\Runtime\Scripts\PXR_ProjectSetting.cs:122 
  at Unity.XR.PXR.Editor.PXR_SDKSettingEditor.InitializeOnLoad () [0x00000] in E:\graduateschool\bishe\pico sdk\PICO Unity Integration SDK-3.3.0-20250917\Editor\PXR_SDKSettingEditor.cs:146 
  at (wrapper managed-to-native) System.Reflection.RuntimeMethodInfo.InternalInvoke(System.Reflection.RuntimeMethodInfo,object,object[],System.Exception&)
  at System.Reflection.RuntimeMethodInfo.Invoke (System.Object obj, System.Reflection.BindingFlags invokeAttr, System.Reflection.Binder binder, System.Object[] parameters, System.Globalization.CultureInfo culture) [0x0006a] in <a3b02d6f9b494355b946095ea1f25c54>:0 
   --- End of inner exception stack trace ---
  at System.Reflection.RuntimeMethodInfo.Invoke (System.Object obj, System.Reflection.BindingFlags invokeAttr, System.Reflection.Binder binder, System.Object[] parameters, System.Globalization.CultureInfo culture) [0x00083] in <a3b02d6f9b494355b946095ea1f25c54>:0 
  at System.Reflection.MethodBase.Invoke (System.Object obj, System.Object[] parameters) [0x00000] in <a3b02d6f9b494355b946095ea1f25c54>:0 
  at UnityEditor.EditorAssemblies.ProcessInitializeOnLoadMethodAttributes () [0x000a5] in <227afaeeb5894c00b1d9aa4278f87f8c>:0 
UnityEngine.StackTraceUtility:ExtractStackTrace ()
UnityEngine.DebugLogHandler:LogFormat (UnityEngine.LogType,UnityEngine.Object,string,object[])
UnityEngine.Logger:Log (UnityEngine.LogType,object)
UnityEngine.Debug:LogError (object)
UnityEditor.EditorAssemblies:ProcessInitializeOnLoadMethodAttributes ()

Mono: successfully reloaded assembly
[Package Manager] Server::EnsureServerProcessIsRunning -- launch failed, reason: Unity was launched with the -noUpm command-line argument
[Package Manager] UpmClient::Send -- Unable to send message (not connected to UPM process).
[Package Manager] Cannot connect to Unity Package Manager local server
- Finished resetting the current domain, in  1.419 seconds
Domain Reload Profiling: 1925ms
	BeginReloadAssembly (179ms)
		ExecutionOrderSort (0ms)
		DisableScriptedObjects (3ms)
		BackupInstance (0ms)
		ReleaseScriptingObjects (0ms)
		CreateAndSetChildDomain (41ms)
	RebuildCommonClasses (25ms)
	RebuildNativeTypeToScriptingClass (8ms)
	initialDomainReloadingComplete (32ms)
	LoadAllAssembliesAndSetupDomain (262ms)
		LoadAssemblies (310ms)
		RebuildTransferFunctionScriptingTraits (0ms)
		AnalyzeDomain (40ms)
			TypeCache.Refresh (9ms)
				TypeCache.ScanAssembly (2ms)
			ScanForSourceGeneratedMonoScriptInfo (20ms)
			ResolveRequiredComponents (10ms)
	FinalizeReload (1419ms)
		ReleaseScriptCaches (0ms)
		RebuildScriptCaches (0ms)
		SetupLoadedEditorAssemblies (509ms)
			LogAssemblyErrors (0ms)
			InitializePlatformSupportModulesInManaged (23ms)
			SetLoadedEditorAssemblies (3ms)
			RefreshPlugins (0ms)
			BeforeProcessingInitializeOnLoad (66ms)
			ProcessInitializeOnLoadAttributes (347ms)
			ProcessInitializeOnLoadMethodAttributes (60ms)
			AfterProcessingInitializeOnLoad (9ms)
			EditorAssembliesLoaded (0ms)
		ExecutionOrderSort2 (0ms)
		AwakeInstancesAfterBackupRestoration (14ms)
Refreshing native plugins compatible for Editor in 20.87 ms, found 18 plugins.
Preloading 2 native plugins for Editor in 0.14 ms.
Unloading 6548 Unused Serialized files (Serialized files now loaded: 0)
Unloading 104 unused Assets / (5.0 MB). Loaded Objects now: 7277.
Memory consumption went from 270.9 MB to 265.9 MB.
Total: 5.183000 ms (FindLiveObjects: 0.503100 ms CreateObjectMapping: 0.309000 ms MarkObjects: 3.063800 ms  DeleteObjects: 1.306400 ms)

Prepare: number of updated asset objects reloaded= 34
AssetImportParameters requested are different than current active one (requested -> active):
  custom:container-demuxer-ogg: 62fdf1f143b41e24485cea50d1cbac27 -> 
  custom:framework-win-MediaFoundation: 216162199b28c13a410421893ffa2e32 -> 
  custom:container-muxer-webm: aa71ff27fc2769a1b78a27578f13a17b -> 
  custom:video-decoder-webm-vp8: 9c59270c3fd7afecdb556c50c9e8de78 -> 
  custom:SearchIndexIgnoredProperties: e643bd26f0fe6173181afceb89e7c659 -> 
  custom:AudioImporter_EditorPlatform: d09bf68614088b80899f8185d706f6e7 -> 
  custom:audio-decoder-ogg-vorbis: bf7c407c2cedff20999df2af8eb42d56 -> 
  custom:audio-encoder-webm-vorbis: bf7c407c2cedff20999df2af8eb42d56 -> 
  custom:video-codec-MediaFoundation-h265: 746d11721c4dcdbdad8f713fa42b33f4 -> 
  custom:video-decoder-ogg-theora: a1e56fd34408186e4bbccfd4996cb3dc -> 
  custom:CustomObjectIndexerAttribute: a3ef5dd2817f97addfee359851a9dba5 -> 
  custom:container-demuxer-webm: 4f35f7cbe854078d1ac9338744f61a02 -> 
  custom:video-encoder-webm-vp8: eb34c28f22e8b96e1ab97ce403110664 -> 
========================================================================
Received Prepare
Begin MonoManager ReloadAssembly
- Loaded All Assemblies, in  0.467 seconds
Refreshing native plugins compatible for Editor in 20.46 ms, found 18 plugins.
Native extension for WindowsStandalone target not found
Native extension for Android target not found
[Package Manager] Server::EnsureServerProcessIsRunning -- launch failed, reason: Unity was launched with the -noUpm command-line argument
[Package Manager] UpmClient::Send -- Unable to send message (not connected to UPM process).
[Package Manager] Cannot connect to Unity Package Manager local server
PXRLog [Build Check]RegisterBuildPlayerHandler,Already Do not show: False
UnityEngine.StackTraceUtility:ExtractStackTrace ()
UnityEngine.DebugLogHandler:LogFormat (UnityEngine.LogType,UnityEngine.Object,string,object[])
UnityEngine.Logger:Log (UnityEngine.LogType,object)
UnityEngine.Debug:Log (object)
Unity.XR.PXR.Editor.PXR_SDKBuildCheck:.cctor () (at E:/graduateschool/bishe/pico sdk/PICO Unity Integration SDK-3.3.0-20250917/Editor/PXR_SDKBuildCheck.cs:31)
System.Runtime.CompilerServices.RuntimeHelpers:RunClassConstructor (System.RuntimeTypeHandle)
UnityEditor.EditorAssemblies:ProcessInitializeOnLoadAttributes (System.Type[])

(Filename: E:/graduateschool/bishe/pico sdk/PICO Unity Integration SDK-3.3.0-20250917/Editor/PXR_SDKBuildCheck.cs Line: 31)

CreateSerializedAsset is not supported while importing out-of-process
UnityEngine.StackTraceUtility:ExtractStackTrace ()
Unity.XR.PXR.PXR_ProjectSetting:GetProjectConfig () (at E:/graduateschool/bishe/pico sdk/PICO Unity Integration SDK-3.3.0-20250917/Runtime/Scripts/PXR_ProjectSetting.cs:122)
Unity.XR.PXR.Editor.PXR_SDKSettingEditor:InitializeOnLoad () (at E:/graduateschool/bishe/pico sdk/PICO Unity Integration SDK-3.3.0-20250917/Editor/PXR_SDKSettingEditor.cs:146)
System.Reflection.RuntimeMethodInfo:Invoke (object,System.Reflection.BindingFlags,System.Reflection.Binder,object[],System.Globalization.CultureInfo)
System.Reflection.MethodBase:Invoke (object,object[])
UnityEditor.EditorAssemblies:ProcessInitializeOnLoadMethodAttributes ()

[E:/graduateschool/bishe/pico sdk/PICO Unity Integration SDK-3.3.0-20250917/Runtime/Scripts/PXR_ProjectSetting.cs line 122]

System.Reflection.TargetInvocationException: Exception has been thrown by the target of an invocation. ---> UnityEngine.UnityException: Creating asset at path Assets/Resources/PXR_ProjectSetting.asset failed.
  at (wrapper managed-to-native) UnityEditor.AssetDatabase.CreateAsset(UnityEngine.Object,string)
  at Unity.XR.PXR.PXR_ProjectSetting.GetProjectConfig () [0x00161] in E:\graduateschool\bishe\pico sdk\PICO Unity Integration SDK-3.3.0-20250917\Runtime\Scripts\PXR_ProjectSetting.cs:122 
  at Unity.XR.PXR.Editor.PXR_SDKSettingEditor.InitializeOnLoad () [0x00000] in E:\graduateschool\bishe\pico sdk\PICO Unity Integration SDK-3.3.0-20250917\Editor\PXR_SDKSettingEditor.cs:146 
  at (wrapper managed-to-native) System.Reflection.RuntimeMethodInfo.InternalInvoke(System.Reflection.RuntimeMethodInfo,object,object[],System.Exception&)
  at System.Reflection.RuntimeMethodInfo.Invoke (System.Object obj, System.Reflection.BindingFlags invokeAttr, System.Reflection.Binder binder, System.Object[] parameters, System.Globalization.CultureInfo culture) [0x0006a] in <a3b02d6f9b494355b946095ea1f25c54>:0 
   --- End of inner exception stack trace ---
  at System.Reflection.RuntimeMethodInfo.Invoke (System.Object obj, System.Reflection.BindingFlags invokeAttr, System.Reflection.Binder binder, System.Object[] parameters, System.Globalization.CultureInfo culture) [0x00083] in <a3b02d6f9b494355b946095ea1f25c54>:0 
  at System.Reflection.MethodBase.Invoke (System.Object obj, System.Object[] parameters) [0x00000] in <a3b02d6f9b494355b946095ea1f25c54>:0 
  at UnityEditor.EditorAssemblies.ProcessInitializeOnLoadMethodAttributes () [0x000a5] in <227afaeeb5894c00b1d9aa4278f87f8c>:0 
UnityEngine.StackTraceUtility:ExtractStackTrace ()
UnityEngine.DebugLogHandler:LogFormat (UnityEngine.LogType,UnityEngine.Object,string,object[])
UnityEngine.Logger:Log (UnityEngine.LogType,object)
UnityEngine.Debug:LogError (object)
UnityEditor.EditorAssemblies:ProcessInitializeOnLoadMethodAttributes ()

Mono: successfully reloaded assembly
[Package Manager] Server::EnsureServerProcessIsRunning -- launch failed, reason: Unity was launched with the -noUpm command-line argument
[Package Manager] UpmClient::Send -- Unable to send message (not connected to UPM process).
[Package Manager] Cannot connect to Unity Package Manager local server
- Finished resetting the current domain, in  1.324 seconds
Domain Reload Profiling: 1783ms
	BeginReloadAssembly (152ms)
		ExecutionOrderSort (0ms)
		DisableScriptedObjects (3ms)
		BackupInstance (0ms)
		ReleaseScriptingObjects (0ms)
		CreateAndSetChildDomain (38ms)
	RebuildCommonClasses (20ms)
	RebuildNativeTypeToScriptingClass (11ms)
	initialDomainReloadingComplete (30ms)
	LoadAllAssembliesAndSetupDomain (245ms)
		LoadAssemblies (269ms)
		RebuildTransferFunctionScriptingTraits (0ms)
		AnalyzeDomain (46ms)
			TypeCache.Refresh (9ms)
				TypeCache.ScanAssembly (1ms)
			ScanForSourceGeneratedMonoScriptInfo (25ms)
			ResolveRequiredComponents (11ms)
	FinalizeReload (1325ms)
		ReleaseScriptCaches (0ms)
		RebuildScriptCaches (0ms)
		SetupLoadedEditorAssemblies (445ms)
			LogAssemblyErrors (0ms)
			InitializePlatformSupportModulesInManaged (18ms)
			SetLoadedEditorAssemblies (3ms)
			RefreshPlugins (0ms)
			BeforeProcessingInitializeOnLoad (57ms)
			ProcessInitializeOnLoadAttributes (312ms)
			ProcessInitializeOnLoadMethodAttributes (47ms)
			AfterProcessingInitializeOnLoad (8ms)
			EditorAssembliesLoaded (0ms)
		ExecutionOrderSort2 (0ms)
		AwakeInstancesAfterBackupRestoration (11ms)
Refreshing native plugins compatible for Editor in 18.19 ms, found 18 plugins.
Preloading 2 native plugins for Editor in 0.14 ms.
Unloading 6443 Unused Serialized files (Serialized files now loaded: 0)
Unloading 125 unused Assets / (2.6 MB). Loaded Objects now: 7238.
Memory consumption went from 262.4 MB to 259.8 MB.
Total: 3.589300 ms (FindLiveObjects: 0.443400 ms CreateObjectMapping: 0.120000 ms MarkObjects: 2.548600 ms  DeleteObjects: 0.476900 ms)

Prepare: number of updated asset objects reloaded= 0
AssetImportParameters requested are different than current active one (requested -> active):
  custom:container-demuxer-ogg: 62fdf1f143b41e24485cea50d1cbac27 -> 
  custom:framework-win-MediaFoundation: 216162199b28c13a410421893ffa2e32 -> 
  custom:container-muxer-webm: aa71ff27fc2769a1b78a27578f13a17b -> 
  custom:video-decoder-webm-vp8: 9c59270c3fd7afecdb556c50c9e8de78 -> 
  custom:SearchIndexIgnoredProperties: e643bd26f0fe6173181afceb89e7c659 -> 
  custom:AudioImporter_EditorPlatform: d09bf68614088b80899f8185d706f6e7 -> 
  custom:audio-decoder-ogg-vorbis: bf7c407c2cedff20999df2af8eb42d56 -> 
  custom:audio-encoder-webm-vorbis: bf7c407c2cedff20999df2af8eb42d56 -> 
  custom:video-codec-MediaFoundation-h265: 746d11721c4dcdbdad8f713fa42b33f4 -> 
  custom:video-decoder-ogg-theora: a1e56fd34408186e4bbccfd4996cb3dc -> 
  custom:CustomObjectIndexerAttribute: a3ef5dd2817f97addfee359851a9dba5 -> 
  custom:container-demuxer-webm: 4f35f7cbe854078d1ac9338744f61a02 -> 
  custom:video-encoder-webm-vp8: eb34c28f22e8b96e1ab97ce403110664 -> 
========================================================================
Received Prepare
Begin MonoManager ReloadAssembly
- Loaded All Assemblies, in  0.465 seconds
Refreshing native plugins compatible for Editor in 19.41 ms, found 18 plugins.
Native extension for WindowsStandalone target not found
Native extension for Android target not found
[Package Manager] Server::EnsureServerProcessIsRunning -- launch failed, reason: Unity was launched with the -noUpm command-line argument
[Package Manager] UpmClient::Send -- Unable to send message (not connected to UPM process).
[Package Manager] Cannot connect to Unity Package Manager local server
PXRLog [Build Check]RegisterBuildPlayerHandler,Already Do not show: False
UnityEngine.StackTraceUtility:ExtractStackTrace ()
UnityEngine.DebugLogHandler:LogFormat (UnityEngine.LogType,UnityEngine.Object,string,object[])
UnityEngine.Logger:Log (UnityEngine.LogType,object)
UnityEngine.Debug:Log (object)
Unity.XR.PXR.Editor.PXR_SDKBuildCheck:.cctor () (at E:/graduateschool/bishe/pico sdk/PICO Unity Integration SDK-3.3.0-20250917/Editor/PXR_SDKBuildCheck.cs:31)
System.Runtime.CompilerServices.RuntimeHelpers:RunClassConstructor (System.RuntimeTypeHandle)
UnityEditor.EditorAssemblies:ProcessInitializeOnLoadAttributes (System.Type[])

(Filename: E:/graduateschool/bishe/pico sdk/PICO Unity Integration SDK-3.3.0-20250917/Editor/PXR_SDKBuildCheck.cs Line: 31)

CreateSerializedAsset is not supported while importing out-of-process
UnityEngine.StackTraceUtility:ExtractStackTrace ()
Unity.XR.PXR.PXR_ProjectSetting:GetProjectConfig () (at E:/graduateschool/bishe/pico sdk/PICO Unity Integration SDK-3.3.0-20250917/Runtime/Scripts/PXR_ProjectSetting.cs:122)
Unity.XR.PXR.Editor.PXR_SDKSettingEditor:InitializeOnLoad () (at E:/graduateschool/bishe/pico sdk/PICO Unity Integration SDK-3.3.0-20250917/Editor/PXR_SDKSettingEditor.cs:146)
System.Reflection.RuntimeMethodInfo:Invoke (object,System.Reflection.BindingFlags,System.Reflection.Binder,object[],System.Globalization.CultureInfo)
System.Reflection.MethodBase:Invoke (object,object[])
UnityEditor.EditorAssemblies:ProcessInitializeOnLoadMethodAttributes ()

[E:/graduateschool/bishe/pico sdk/PICO Unity Integration SDK-3.3.0-20250917/Runtime/Scripts/PXR_ProjectSetting.cs line 122]

System.Reflection.TargetInvocationException: Exception has been thrown by the target of an invocation. ---> UnityEngine.UnityException: Creating asset at path Assets/Resources/PXR_ProjectSetting.asset failed.
  at (wrapper managed-to-native) UnityEditor.AssetDatabase.CreateAsset(UnityEngine.Object,string)
  at Unity.XR.PXR.PXR_ProjectSetting.GetProjectConfig () [0x00161] in E:\graduateschool\bishe\pico sdk\PICO Unity Integration SDK-3.3.0-20250917\Runtime\Scripts\PXR_ProjectSetting.cs:122 
  at Unity.XR.PXR.Editor.PXR_SDKSettingEditor.InitializeOnLoad () [0x00000] in E:\graduateschool\bishe\pico sdk\PICO Unity Integration SDK-3.3.0-20250917\Editor\PXR_SDKSettingEditor.cs:146 
  at (wrapper managed-to-native) System.Reflection.RuntimeMethodInfo.InternalInvoke(System.Reflection.RuntimeMethodInfo,object,object[],System.Exception&)
  at System.Reflection.RuntimeMethodInfo.Invoke (System.Object obj, System.Reflection.BindingFlags invokeAttr, System.Reflection.Binder binder, System.Object[] parameters, System.Globalization.CultureInfo culture) [0x0006a] in <a3b02d6f9b494355b946095ea1f25c54>:0 
   --- End of inner exception stack trace ---
  at System.Reflection.RuntimeMethodInfo.Invoke (System.Object obj, System.Reflection.BindingFlags invokeAttr, System.Reflection.Binder binder, System.Object[] parameters, System.Globalization.CultureInfo culture) [0x00083] in <a3b02d6f9b494355b946095ea1f25c54>:0 
  at System.Reflection.MethodBase.Invoke (System.Object obj, System.Object[] parameters) [0x00000] in <a3b02d6f9b494355b946095ea1f25c54>:0 
  at UnityEditor.EditorAssemblies.ProcessInitializeOnLoadMethodAttributes () [0x000a5] in <227afaeeb5894c00b1d9aa4278f87f8c>:0 
UnityEngine.StackTraceUtility:ExtractStackTrace ()
UnityEngine.DebugLogHandler:LogFormat (UnityEngine.LogType,UnityEngine.Object,string,object[])
UnityEngine.Logger:Log (UnityEngine.LogType,object)
UnityEngine.Debug:LogError (object)
UnityEditor.EditorAssemblies:ProcessInitializeOnLoadMethodAttributes ()

Mono: successfully reloaded assembly
[Package Manager] Server::EnsureServerProcessIsRunning -- launch failed, reason: Unity was launched with the -noUpm command-line argument
[Package Manager] UpmClient::Send -- Unable to send message (not connected to UPM process).
[Package Manager] Cannot connect to Unity Package Manager local server
- Finished resetting the current domain, in  1.295 seconds
Domain Reload Profiling: 1751ms
	BeginReloadAssembly (161ms)
		ExecutionOrderSort (0ms)
		DisableScriptedObjects (2ms)
		BackupInstance (0ms)
		ReleaseScriptingObjects (0ms)
		CreateAndSetChildDomain (43ms)
	RebuildCommonClasses (22ms)
	RebuildNativeTypeToScriptingClass (9ms)
	initialDomainReloadingComplete (29ms)
	LoadAllAssembliesAndSetupDomain (236ms)
		LoadAssemblies (265ms)
		RebuildTransferFunctionScriptingTraits (0ms)
		AnalyzeDomain (46ms)
			TypeCache.Refresh (10ms)
				TypeCache.ScanAssembly (2ms)
			ScanForSourceGeneratedMonoScriptInfo (26ms)
			ResolveRequiredComponents (10ms)
	FinalizeReload (1295ms)
		ReleaseScriptCaches (0ms)
		RebuildScriptCaches (0ms)
		SetupLoadedEditorAssemblies (465ms)
			LogAssemblyErrors (0ms)
			InitializePlatformSupportModulesInManaged (18ms)
			SetLoadedEditorAssemblies (3ms)
			RefreshPlugins (0ms)
			BeforeProcessingInitializeOnLoad (65ms)
			ProcessInitializeOnLoadAttributes (318ms)
			ProcessInitializeOnLoadMethodAttributes (50ms)
			AfterProcessingInitializeOnLoad (11ms)
			EditorAssembliesLoaded (0ms)
		ExecutionOrderSort2 (0ms)
		AwakeInstancesAfterBackupRestoration (12ms)
Refreshing native plugins compatible for Editor in 17.14 ms, found 18 plugins.
Preloading 2 native plugins for Editor in 0.12 ms.
Unloading 6548 Unused Serialized files (Serialized files now loaded: 0)
Unloading 104 unused Assets / (5.0 MB). Loaded Objects now: 7291.
Memory consumption went from 274.8 MB to 269.8 MB.
Total: 5.111300 ms (FindLiveObjects: 0.457100 ms CreateObjectMapping: 0.314400 ms MarkObjects: 3.094000 ms  DeleteObjects: 1.245000 ms)

Prepare: number of updated asset objects reloaded= 34
AssetImportParameters requested are different than current active one (requested -> active):
  custom:container-demuxer-ogg: 62fdf1f143b41e24485cea50d1cbac27 -> 
  custom:framework-win-MediaFoundation: 216162199b28c13a410421893ffa2e32 -> 
  custom:container-muxer-webm: aa71ff27fc2769a1b78a27578f13a17b -> 
  custom:video-decoder-webm-vp8: 9c59270c3fd7afecdb556c50c9e8de78 -> 
  custom:SearchIndexIgnoredProperties: e643bd26f0fe6173181afceb89e7c659 -> 
  custom:AudioImporter_EditorPlatform: d09bf68614088b80899f8185d706f6e7 -> 
  custom:audio-decoder-ogg-vorbis: bf7c407c2cedff20999df2af8eb42d56 -> 
  custom:audio-encoder-webm-vorbis: bf7c407c2cedff20999df2af8eb42d56 -> 
  custom:video-codec-MediaFoundation-h265: 746d11721c4dcdbdad8f713fa42b33f4 -> 
  custom:video-decoder-ogg-theora: a1e56fd34408186e4bbccfd4996cb3dc -> 
  custom:CustomObjectIndexerAttribute: a3ef5dd2817f97addfee359851a9dba5 -> 
  custom:container-demuxer-webm: 4f35f7cbe854078d1ac9338744f61a02 -> 
  custom:video-encoder-webm-vp8: eb34c28f22e8b96e1ab97ce403110664 -> 
========================================================================
Received Prepare
Begin MonoManager ReloadAssembly
- Loaded All Assemblies, in  0.475 seconds
Refreshing native plugins compatible for Editor in 22.14 ms, found 18 plugins.
Native extension for WindowsStandalone target not found
Native extension for Android target not found
[Package Manager] Server::EnsureServerProcessIsRunning -- launch failed, reason: Unity was launched with the -noUpm command-line argument
[Package Manager] UpmClient::Send -- Unable to send message (not connected to UPM process).
[Package Manager] Cannot connect to Unity Package Manager local server
PXRLog [Build Check]RegisterBuildPlayerHandler,Already Do not show: False
UnityEngine.StackTraceUtility:ExtractStackTrace ()
UnityEngine.DebugLogHandler:LogFormat (UnityEngine.LogType,UnityEngine.Object,string,object[])
UnityEngine.Logger:Log (UnityEngine.LogType,object)
UnityEngine.Debug:Log (object)
Unity.XR.PXR.Editor.PXR_SDKBuildCheck:.cctor () (at E:/graduateschool/bishe/pico sdk/PICO Unity Integration SDK-3.3.0-20250917/Editor/PXR_SDKBuildCheck.cs:31)
System.Runtime.CompilerServices.RuntimeHelpers:RunClassConstructor (System.RuntimeTypeHandle)
UnityEditor.EditorAssemblies:ProcessInitializeOnLoadAttributes (System.Type[])

(Filename: E:/graduateschool/bishe/pico sdk/PICO Unity Integration SDK-3.3.0-20250917/Editor/PXR_SDKBuildCheck.cs Line: 31)

CreateSerializedAsset is not supported while importing out-of-process
UnityEngine.StackTraceUtility:ExtractStackTrace ()
Unity.XR.PXR.PXR_ProjectSetting:GetProjectConfig () (at E:/graduateschool/bishe/pico sdk/PICO Unity Integration SDK-3.3.0-20250917/Runtime/Scripts/PXR_ProjectSetting.cs:122)
Unity.XR.PXR.Editor.PXR_SDKSettingEditor:InitializeOnLoad () (at E:/graduateschool/bishe/pico sdk/PICO Unity Integration SDK-3.3.0-20250917/Editor/PXR_SDKSettingEditor.cs:146)
System.Reflection.RuntimeMethodInfo:Invoke (object,System.Reflection.BindingFlags,System.Reflection.Binder,object[],System.Globalization.CultureInfo)
System.Reflection.MethodBase:Invoke (object,object[])
UnityEditor.EditorAssemblies:ProcessInitializeOnLoadMethodAttributes ()

[E:/graduateschool/bishe/pico sdk/PICO Unity Integration SDK-3.3.0-20250917/Runtime/Scripts/PXR_ProjectSetting.cs line 122]

System.Reflection.TargetInvocationException: Exception has been thrown by the target of an invocation. ---> UnityEngine.UnityException: Creating asset at path Assets/Resources/PXR_ProjectSetting.asset failed.
  at (wrapper managed-to-native) UnityEditor.AssetDatabase.CreateAsset(UnityEngine.Object,string)
  at Unity.XR.PXR.PXR_ProjectSetting.GetProjectConfig () [0x00161] in E:\graduateschool\bishe\pico sdk\PICO Unity Integration SDK-3.3.0-20250917\Runtime\Scripts\PXR_ProjectSetting.cs:122 
  at Unity.XR.PXR.Editor.PXR_SDKSettingEditor.InitializeOnLoad () [0x00000] in E:\graduateschool\bishe\pico sdk\PICO Unity Integration SDK-3.3.0-20250917\Editor\PXR_SDKSettingEditor.cs:146 
  at (wrapper managed-to-native) System.Reflection.RuntimeMethodInfo.InternalInvoke(System.Reflection.RuntimeMethodInfo,object,object[],System.Exception&)
  at System.Reflection.RuntimeMethodInfo.Invoke (System.Object obj, System.Reflection.BindingFlags invokeAttr, System.Reflection.Binder binder, System.Object[] parameters, System.Globalization.CultureInfo culture) [0x0006a] in <a3b02d6f9b494355b946095ea1f25c54>:0 
   --- End of inner exception stack trace ---
  at System.Reflection.RuntimeMethodInfo.Invoke (System.Object obj, System.Reflection.BindingFlags invokeAttr, System.Reflection.Binder binder, System.Object[] parameters, System.Globalization.CultureInfo culture) [0x00083] in <a3b02d6f9b494355b946095ea1f25c54>:0 
  at System.Reflection.MethodBase.Invoke (System.Object obj, System.Object[] parameters) [0x00000] in <a3b02d6f9b494355b946095ea1f25c54>:0 
  at UnityEditor.EditorAssemblies.ProcessInitializeOnLoadMethodAttributes () [0x000a5] in <227afaeeb5894c00b1d9aa4278f87f8c>:0 
UnityEngine.StackTraceUtility:ExtractStackTrace ()
UnityEngine.DebugLogHandler:LogFormat (UnityEngine.LogType,UnityEngine.Object,string,object[])
UnityEngine.Logger:Log (UnityEngine.LogType,object)
UnityEngine.Debug:LogError (object)
UnityEditor.EditorAssemblies:ProcessInitializeOnLoadMethodAttributes ()

Mono: successfully reloaded assembly
[Package Manager] Server::EnsureServerProcessIsRunning -- launch failed, reason: Unity was launched with the -noUpm command-line argument
[Package Manager] UpmClient::Send -- Unable to send message (not connected to UPM process).
[Package Manager] Cannot connect to Unity Package Manager local server
- Finished resetting the current domain, in  1.313 seconds
Domain Reload Profiling: 1778ms
	BeginReloadAssembly (151ms)
		ExecutionOrderSort (0ms)
		DisableScriptedObjects (2ms)
		BackupInstance (0ms)
		ReleaseScriptingObjects (0ms)
		CreateAndSetChildDomain (40ms)
	RebuildCommonClasses (25ms)
	RebuildNativeTypeToScriptingClass (10ms)
	initialDomainReloadingComplete (29ms)
	LoadAllAssembliesAndSetupDomain (249ms)
		LoadAssemblies (271ms)
		RebuildTransferFunctionScriptingTraits (0ms)
		AnalyzeDomain (47ms)
			TypeCache.Refresh (8ms)
				TypeCache.ScanAssembly (1ms)
			ScanForSourceGeneratedMonoScriptInfo (26ms)
			ResolveRequiredComponents (12ms)
	FinalizeReload (1313ms)
		ReleaseScriptCaches (0ms)
		RebuildScriptCaches (0ms)
		SetupLoadedEditorAssemblies (464ms)
			LogAssemblyErrors (0ms)
			InitializePlatformSupportModulesInManaged (18ms)
			SetLoadedEditorAssemblies (3ms)
			RefreshPlugins (0ms)
			BeforeProcessingInitializeOnLoad (64ms)
			ProcessInitializeOnLoadAttributes (319ms)
			ProcessInitializeOnLoadMethodAttributes (49ms)
			AfterProcessingInitializeOnLoad (10ms)
			EditorAssembliesLoaded (0ms)
		ExecutionOrderSort2 (0ms)
		AwakeInstancesAfterBackupRestoration (13ms)
Refreshing native plugins compatible for Editor in 28.25 ms, found 18 plugins.
Preloading 2 native plugins for Editor in 0.20 ms.
Unloading 6443 Unused Serialized files (Serialized files now loaded: 0)
Unloading 125 unused Assets / (2.6 MB). Loaded Objects now: 7252.
Memory consumption went from 266.0 MB to 263.4 MB.
Total: 4.579500 ms (FindLiveObjects: 0.441000 ms CreateObjectMapping: 0.121700 ms MarkObjects: 3.326000 ms  DeleteObjects: 0.689800 ms)

Prepare: number of updated asset objects reloaded= 0
AssetImportParameters requested are different than current active one (requested -> active):
  custom:container-demuxer-ogg: 62fdf1f143b41e24485cea50d1cbac27 -> 
  custom:framework-win-MediaFoundation: 216162199b28c13a410421893ffa2e32 -> 
  custom:container-muxer-webm: aa71ff27fc2769a1b78a27578f13a17b -> 
  custom:video-decoder-webm-vp8: 9c59270c3fd7afecdb556c50c9e8de78 -> 
  custom:SearchIndexIgnoredProperties: e643bd26f0fe6173181afceb89e7c659 -> 
  custom:AudioImporter_EditorPlatform: d09bf68614088b80899f8185d706f6e7 -> 
  custom:audio-decoder-ogg-vorbis: bf7c407c2cedff20999df2af8eb42d56 -> 
  custom:audio-encoder-webm-vorbis: bf7c407c2cedff20999df2af8eb42d56 -> 
  custom:video-codec-MediaFoundation-h265: 746d11721c4dcdbdad8f713fa42b33f4 -> 
  custom:video-decoder-ogg-theora: a1e56fd34408186e4bbccfd4996cb3dc -> 
  custom:CustomObjectIndexerAttribute: a3ef5dd2817f97addfee359851a9dba5 -> 
  custom:container-demuxer-webm: 4f35f7cbe854078d1ac9338744f61a02 -> 
  custom:video-encoder-webm-vp8: eb34c28f22e8b96e1ab97ce403110664 -> 
========================================================================
Received Prepare
Begin MonoManager ReloadAssembly
- Loaded All Assemblies, in  0.509 seconds
Refreshing native plugins compatible for Editor in 19.20 ms, found 18 plugins.
Native extension for WindowsStandalone target not found
Native extension for Android target not found
[Package Manager] Server::EnsureServerProcessIsRunning -- launch failed, reason: Unity was launched with the -noUpm command-line argument
[Package Manager] UpmClient::Send -- Unable to send message (not connected to UPM process).
[Package Manager] Cannot connect to Unity Package Manager local server
PXRLog [Build Check]RegisterBuildPlayerHandler,Already Do not show: False
UnityEngine.StackTraceUtility:ExtractStackTrace ()
UnityEngine.DebugLogHandler:LogFormat (UnityEngine.LogType,UnityEngine.Object,string,object[])
UnityEngine.Logger:Log (UnityEngine.LogType,object)
UnityEngine.Debug:Log (object)
Unity.XR.PXR.Editor.PXR_SDKBuildCheck:.cctor () (at E:/graduateschool/bishe/pico sdk/PICO Unity Integration SDK-3.3.0-20250917/Editor/PXR_SDKBuildCheck.cs:31)
System.Runtime.CompilerServices.RuntimeHelpers:RunClassConstructor (System.RuntimeTypeHandle)
UnityEditor.EditorAssemblies:ProcessInitializeOnLoadAttributes (System.Type[])

(Filename: E:/graduateschool/bishe/pico sdk/PICO Unity Integration SDK-3.3.0-20250917/Editor/PXR_SDKBuildCheck.cs Line: 31)

CreateSerializedAsset is not supported while importing out-of-process
UnityEngine.StackTraceUtility:ExtractStackTrace ()
Unity.XR.PXR.PXR_ProjectSetting:GetProjectConfig () (at E:/graduateschool/bishe/pico sdk/PICO Unity Integration SDK-3.3.0-20250917/Runtime/Scripts/PXR_ProjectSetting.cs:122)
Unity.XR.PXR.Editor.PXR_SDKSettingEditor:InitializeOnLoad () (at E:/graduateschool/bishe/pico sdk/PICO Unity Integration SDK-3.3.0-20250917/Editor/PXR_SDKSettingEditor.cs:146)
System.Reflection.RuntimeMethodInfo:Invoke (object,System.Reflection.BindingFlags,System.Reflection.Binder,object[],System.Globalization.CultureInfo)
System.Reflection.MethodBase:Invoke (object,object[])
UnityEditor.EditorAssemblies:ProcessInitializeOnLoadMethodAttributes ()

[E:/graduateschool/bishe/pico sdk/PICO Unity Integration SDK-3.3.0-20250917/Runtime/Scripts/PXR_ProjectSetting.cs line 122]

System.Reflection.TargetInvocationException: Exception has been thrown by the target of an invocation. ---> UnityEngine.UnityException: Creating asset at path Assets/Resources/PXR_ProjectSetting.asset failed.
  at (wrapper managed-to-native) UnityEditor.AssetDatabase.CreateAsset(UnityEngine.Object,string)
  at Unity.XR.PXR.PXR_ProjectSetting.GetProjectConfig () [0x00161] in E:\graduateschool\bishe\pico sdk\PICO Unity Integration SDK-3.3.0-20250917\Runtime\Scripts\PXR_ProjectSetting.cs:122 
  at Unity.XR.PXR.Editor.PXR_SDKSettingEditor.InitializeOnLoad () [0x00000] in E:\graduateschool\bishe\pico sdk\PICO Unity Integration SDK-3.3.0-20250917\Editor\PXR_SDKSettingEditor.cs:146 
  at (wrapper managed-to-native) System.Reflection.RuntimeMethodInfo.InternalInvoke(System.Reflection.RuntimeMethodInfo,object,object[],System.Exception&)
  at System.Reflection.RuntimeMethodInfo.Invoke (System.Object obj, System.Reflection.BindingFlags invokeAttr, System.Reflection.Binder binder, System.Object[] parameters, System.Globalization.CultureInfo culture) [0x0006a] in <a3b02d6f9b494355b946095ea1f25c54>:0 
   --- End of inner exception stack trace ---
  at System.Reflection.RuntimeMethodInfo.Invoke (System.Object obj, System.Reflection.BindingFlags invokeAttr, System.Reflection.Binder binder, System.Object[] parameters, System.Globalization.CultureInfo culture) [0x00083] in <a3b02d6f9b494355b946095ea1f25c54>:0 
  at System.Reflection.MethodBase.Invoke (System.Object obj, System.Object[] parameters) [0x00000] in <a3b02d6f9b494355b946095ea1f25c54>:0 
  at UnityEditor.EditorAssemblies.ProcessInitializeOnLoadMethodAttributes () [0x000a5] in <227afaeeb5894c00b1d9aa4278f87f8c>:0 
UnityEngine.StackTraceUtility:ExtractStackTrace ()
UnityEngine.DebugLogHandler:LogFormat (UnityEngine.LogType,UnityEngine.Object,string,object[])
UnityEngine.Logger:Log (UnityEngine.LogType,object)
UnityEngine.Debug:LogError (object)
UnityEditor.EditorAssemblies:ProcessInitializeOnLoadMethodAttributes ()

Mono: successfully reloaded assembly
[Package Manager] Server::EnsureServerProcessIsRunning -- launch failed, reason: Unity was launched with the -noUpm command-line argument
[Package Manager] UpmClient::Send -- Unable to send message (not connected to UPM process).
[Package Manager] Cannot connect to Unity Package Manager local server
- Finished resetting the current domain, in  1.440 seconds
Domain Reload Profiling: 1939ms
	BeginReloadAssembly (176ms)
		ExecutionOrderSort (0ms)
		DisableScriptedObjects (3ms)
		BackupInstance (0ms)
		ReleaseScriptingObjects (0ms)
		CreateAndSetChildDomain (42ms)
	RebuildCommonClasses (27ms)
	RebuildNativeTypeToScriptingClass (8ms)
	initialDomainReloadingComplete (31ms)
	LoadAllAssembliesAndSetupDomain (256ms)
		LoadAssemblies (294ms)
		RebuildTransferFunctionScriptingTraits (0ms)
		AnalyzeDomain (45ms)
			TypeCache.Refresh (10ms)
				TypeCache.ScanAssembly (2ms)
			ScanForSourceGeneratedMonoScriptInfo (25ms)
			ResolveRequiredComponents (10ms)
	FinalizeReload (1441ms)
		ReleaseScriptCaches (0ms)
		RebuildScriptCaches (0ms)
		SetupLoadedEditorAssemblies (535ms)
			LogAssemblyErrors (0ms)
			InitializePlatformSupportModulesInManaged (20ms)
			SetLoadedEditorAssemblies (3ms)
			RefreshPlugins (0ms)
			BeforeProcessingInitializeOnLoad (71ms)
			ProcessInitializeOnLoadAttributes (372ms)
			ProcessInitializeOnLoadMethodAttributes (59ms)
			AfterProcessingInitializeOnLoad (9ms)
			EditorAssembliesLoaded (0ms)
		ExecutionOrderSort2 (0ms)
		AwakeInstancesAfterBackupRestoration (17ms)
Refreshing native plugins compatible for Editor in 22.87 ms, found 18 plugins.
Preloading 2 native plugins for Editor in 0.21 ms.
Unloading 6548 Unused Serialized files (Serialized files now loaded: 0)
Unloading 104 unused Assets / (5.0 MB). Loaded Objects now: 7305.
Memory consumption went from 278.4 MB to 273.4 MB.
Total: 5.199400 ms (FindLiveObjects: 0.426800 ms CreateObjectMapping: 0.100300 ms MarkObjects: 3.136800 ms  DeleteObjects: 1.535200 ms)

Prepare: number of updated asset objects reloaded= 34
AssetImportParameters requested are different than current active one (requested -> active):
  custom:container-demuxer-ogg: 62fdf1f143b41e24485cea50d1cbac27 -> 
  custom:framework-win-MediaFoundation: 216162199b28c13a410421893ffa2e32 -> 
  custom:container-muxer-webm: aa71ff27fc2769a1b78a27578f13a17b -> 
  custom:video-decoder-webm-vp8: 9c59270c3fd7afecdb556c50c9e8de78 -> 
  custom:SearchIndexIgnoredProperties: e643bd26f0fe6173181afceb89e7c659 -> 
  custom:AudioImporter_EditorPlatform: d09bf68614088b80899f8185d706f6e7 -> 
  custom:audio-decoder-ogg-vorbis: bf7c407c2cedff20999df2af8eb42d56 -> 
  custom:audio-encoder-webm-vorbis: bf7c407c2cedff20999df2af8eb42d56 -> 
  custom:video-codec-MediaFoundation-h265: 746d11721c4dcdbdad8f713fa42b33f4 -> 
  custom:video-decoder-ogg-theora: a1e56fd34408186e4bbccfd4996cb3dc -> 
  custom:CustomObjectIndexerAttribute: a3ef5dd2817f97addfee359851a9dba5 -> 
  custom:container-demuxer-webm: 4f35f7cbe854078d1ac9338744f61a02 -> 
  custom:video-encoder-webm-vp8: eb34c28f22e8b96e1ab97ce403110664 -> 
========================================================================
Received Prepare
Begin MonoManager ReloadAssembly
- Loaded All Assemblies, in  0.476 seconds
Refreshing native plugins compatible for Editor in 25.50 ms, found 18 plugins.
Native extension for WindowsStandalone target not found
Native extension for Android target not found
[Package Manager] Server::EnsureServerProcessIsRunning -- launch failed, reason: Unity was launched with the -noUpm command-line argument
[Package Manager] UpmClient::Send -- Unable to send message (not connected to UPM process).
[Package Manager] Cannot connect to Unity Package Manager local server
PXRLog [Build Check]RegisterBuildPlayerHandler,Already Do not show: False
UnityEngine.StackTraceUtility:ExtractStackTrace ()
UnityEngine.DebugLogHandler:LogFormat (UnityEngine.LogType,UnityEngine.Object,string,object[])
UnityEngine.Logger:Log (UnityEngine.LogType,object)
UnityEngine.Debug:Log (object)
Unity.XR.PXR.Editor.PXR_SDKBuildCheck:.cctor () (at E:/graduateschool/bishe/pico sdk/PICO Unity Integration SDK-3.3.0-20250917/Editor/PXR_SDKBuildCheck.cs:31)
System.Runtime.CompilerServices.RuntimeHelpers:RunClassConstructor (System.RuntimeTypeHandle)
UnityEditor.EditorAssemblies:ProcessInitializeOnLoadAttributes (System.Type[])

(Filename: E:/graduateschool/bishe/pico sdk/PICO Unity Integration SDK-3.3.0-20250917/Editor/PXR_SDKBuildCheck.cs Line: 31)

CreateSerializedAsset is not supported while importing out-of-process
UnityEngine.StackTraceUtility:ExtractStackTrace ()
Unity.XR.PXR.PXR_ProjectSetting:GetProjectConfig () (at E:/graduateschool/bishe/pico sdk/PICO Unity Integration SDK-3.3.0-20250917/Runtime/Scripts/PXR_ProjectSetting.cs:122)
Unity.XR.PXR.Editor.PXR_SDKSettingEditor:InitializeOnLoad () (at E:/graduateschool/bishe/pico sdk/PICO Unity Integration SDK-3.3.0-20250917/Editor/PXR_SDKSettingEditor.cs:146)
System.Reflection.RuntimeMethodInfo:Invoke (object,System.Reflection.BindingFlags,System.Reflection.Binder,object[],System.Globalization.CultureInfo)
System.Reflection.MethodBase:Invoke (object,object[])
UnityEditor.EditorAssemblies:ProcessInitializeOnLoadMethodAttributes ()

[E:/graduateschool/bishe/pico sdk/PICO Unity Integration SDK-3.3.0-20250917/Runtime/Scripts/PXR_ProjectSetting.cs line 122]

System.Reflection.TargetInvocationException: Exception has been thrown by the target of an invocation. ---> UnityEngine.UnityException: Creating asset at path Assets/Resources/PXR_ProjectSetting.asset failed.
  at (wrapper managed-to-native) UnityEditor.AssetDatabase.CreateAsset(UnityEngine.Object,string)
  at Unity.XR.PXR.PXR_ProjectSetting.GetProjectConfig () [0x00161] in E:\graduateschool\bishe\pico sdk\PICO Unity Integration SDK-3.3.0-20250917\Runtime\Scripts\PXR_ProjectSetting.cs:122 
  at Unity.XR.PXR.Editor.PXR_SDKSettingEditor.InitializeOnLoad () [0x00000] in E:\graduateschool\bishe\pico sdk\PICO Unity Integration SDK-3.3.0-20250917\Editor\PXR_SDKSettingEditor.cs:146 
  at (wrapper managed-to-native) System.Reflection.RuntimeMethodInfo.InternalInvoke(System.Reflection.RuntimeMethodInfo,object,object[],System.Exception&)
  at System.Reflection.RuntimeMethodInfo.Invoke (System.Object obj, System.Reflection.BindingFlags invokeAttr, System.Reflection.Binder binder, System.Object[] parameters, System.Globalization.CultureInfo culture) [0x0006a] in <a3b02d6f9b494355b946095ea1f25c54>:0 
   --- End of inner exception stack trace ---
  at System.Reflection.RuntimeMethodInfo.Invoke (System.Object obj, System.Reflection.BindingFlags invokeAttr, System.Reflection.Binder binder, System.Object[] parameters, System.Globalization.CultureInfo culture) [0x00083] in <a3b02d6f9b494355b946095ea1f25c54>:0 
  at System.Reflection.MethodBase.Invoke (System.Object obj, System.Object[] parameters) [0x00000] in <a3b02d6f9b494355b946095ea1f25c54>:0 
  at UnityEditor.EditorAssemblies.ProcessInitializeOnLoadMethodAttributes () [0x000a5] in <227afaeeb5894c00b1d9aa4278f87f8c>:0 
UnityEngine.StackTraceUtility:ExtractStackTrace ()
UnityEngine.DebugLogHandler:LogFormat (UnityEngine.LogType,UnityEngine.Object,string,object[])
UnityEngine.Logger:Log (UnityEngine.LogType,object)
UnityEngine.Debug:LogError (object)
UnityEditor.EditorAssemblies:ProcessInitializeOnLoadMethodAttributes ()

Mono: successfully reloaded assembly
[Package Manager] Server::EnsureServerProcessIsRunning -- launch failed, reason: Unity was launched with the -noUpm command-line argument
[Package Manager] UpmClient::Send -- Unable to send message (not connected to UPM process).
[Package Manager] Cannot connect to Unity Package Manager local server
- Finished resetting the current domain, in  1.469 seconds
Domain Reload Profiling: 1935ms
	BeginReloadAssembly (161ms)
		ExecutionOrderSort (0ms)
		DisableScriptedObjects (3ms)
		BackupInstance (0ms)
		ReleaseScriptingObjects (0ms)
		CreateAndSetChildDomain (41ms)
	RebuildCommonClasses (24ms)
	RebuildNativeTypeToScriptingClass (10ms)
	initialDomainReloadingComplete (27ms)
	LoadAllAssembliesAndSetupDomain (243ms)
		LoadAssemblies (276ms)
		RebuildTransferFunctionScriptingTraits (0ms)
		AnalyzeDomain (45ms)
			TypeCache.Refresh (9ms)
				TypeCache.ScanAssembly (1ms)
			ScanForSourceGeneratedMonoScriptInfo (24ms)
			ResolveRequiredComponents (12ms)
	FinalizeReload (1469ms)
		ReleaseScriptCaches (0ms)
		RebuildScriptCaches (0ms)
		SetupLoadedEditorAssemblies (513ms)
			LogAssemblyErrors (0ms)
			InitializePlatformSupportModulesInManaged (21ms)
			SetLoadedEditorAssemblies (4ms)
			RefreshPlugins (0ms)
			BeforeProcessingInitializeOnLoad (64ms)
			ProcessInitializeOnLoadAttributes (358ms)
			ProcessInitializeOnLoadMethodAttributes (58ms)
			AfterProcessingInitializeOnLoad (8ms)
			EditorAssembliesLoaded (0ms)
		ExecutionOrderSort2 (0ms)
		AwakeInstancesAfterBackupRestoration (13ms)
Refreshing native plugins compatible for Editor in 22.32 ms, found 18 plugins.
Preloading 2 native plugins for Editor in 0.17 ms.
Unloading 6443 Unused Serialized files (Serialized files now loaded: 0)
Unloading 125 unused Assets / (2.6 MB). Loaded Objects now: 7266.
Memory consumption went from 269.9 MB to 267.3 MB.
Total: 4.073700 ms (FindLiveObjects: 0.472300 ms CreateObjectMapping: 0.185100 ms MarkObjects: 2.900300 ms  DeleteObjects: 0.515300 ms)

Prepare: number of updated asset objects reloaded= 0
AssetImportParameters requested are different than current active one (requested -> active):
  custom:container-demuxer-ogg: 62fdf1f143b41e24485cea50d1cbac27 -> 
  custom:framework-win-MediaFoundation: 216162199b28c13a410421893ffa2e32 -> 
  custom:container-muxer-webm: aa71ff27fc2769a1b78a27578f13a17b -> 
  custom:video-decoder-webm-vp8: 9c59270c3fd7afecdb556c50c9e8de78 -> 
  custom:SearchIndexIgnoredProperties: e643bd26f0fe6173181afceb89e7c659 -> 
  custom:AudioImporter_EditorPlatform: d09bf68614088b80899f8185d706f6e7 -> 
  custom:audio-decoder-ogg-vorbis: bf7c407c2cedff20999df2af8eb42d56 -> 
  custom:audio-encoder-webm-vorbis: bf7c407c2cedff20999df2af8eb42d56 -> 
  custom:video-codec-MediaFoundation-h265: 746d11721c4dcdbdad8f713fa42b33f4 -> 
  custom:video-decoder-ogg-theora: a1e56fd34408186e4bbccfd4996cb3dc -> 
  custom:CustomObjectIndexerAttribute: a3ef5dd2817f97addfee359851a9dba5 -> 
  custom:container-demuxer-webm: 4f35f7cbe854078d1ac9338744f61a02 -> 
  custom:video-encoder-webm-vp8: eb34c28f22e8b96e1ab97ce403110664 -> 
========================================================================
Received Import Request.
  Time since last request: 1496.031082 seconds.
  path: Assets/Help.pdf
  artifactKey: Guid(f2869759a9f243c4b9b42a12782c39cb) Importer(815301076,1909f56bfc062723c751e8b465ee728b)
Start importing Assets/Help.pdf using Guid(f2869759a9f243c4b9b42a12782c39cb) Importer(815301076,1909f56bfc062723c751e8b465ee728b)  -> (artifact id: '1425756f34da425c2577264bcf2a04cc') in 0.019928 seconds
Number of updated asset objects reloaded before import = 0
Number of asset objects unloaded after import = 1
========================================================================
Received Prepare
Begin MonoManager ReloadAssembly
- Loaded All Assemblies, in  0.482 seconds
Refreshing native plugins compatible for Editor in 19.57 ms, found 18 plugins.
Native extension for WindowsStandalone target not found
Native extension for Android target not found
[Package Manager] Server::EnsureServerProcessIsRunning -- launch failed, reason: Unity was launched with the -noUpm command-line argument
[Package Manager] UpmClient::Send -- Unable to send message (not connected to UPM process).
[Package Manager] Cannot connect to Unity Package Manager local server
PXRLog [Build Check]RegisterBuildPlayerHandler,Already Do not show: False
UnityEngine.StackTraceUtility:ExtractStackTrace ()
UnityEngine.DebugLogHandler:LogFormat (UnityEngine.LogType,UnityEngine.Object,string,object[])
UnityEngine.Logger:Log (UnityEngine.LogType,object)
UnityEngine.Debug:Log (object)
Unity.XR.PXR.Editor.PXR_SDKBuildCheck:.cctor () (at E:/graduateschool/bishe/pico sdk/PICO Unity Integration SDK-3.3.0-20250917/Editor/PXR_SDKBuildCheck.cs:31)
System.Runtime.CompilerServices.RuntimeHelpers:RunClassConstructor (System.RuntimeTypeHandle)
UnityEditor.EditorAssemblies:ProcessInitializeOnLoadAttributes (System.Type[])

(Filename: E:/graduateschool/bishe/pico sdk/PICO Unity Integration SDK-3.3.0-20250917/Editor/PXR_SDKBuildCheck.cs Line: 31)

CreateSerializedAsset is not supported while importing out-of-process
UnityEngine.StackTraceUtility:ExtractStackTrace ()
Unity.XR.PXR.PXR_ProjectSetting:GetProjectConfig () (at E:/graduateschool/bishe/pico sdk/PICO Unity Integration SDK-3.3.0-20250917/Runtime/Scripts/PXR_ProjectSetting.cs:122)
Unity.XR.PXR.Editor.PXR_SDKSettingEditor:InitializeOnLoad () (at E:/graduateschool/bishe/pico sdk/PICO Unity Integration SDK-3.3.0-20250917/Editor/PXR_SDKSettingEditor.cs:146)
System.Reflection.RuntimeMethodInfo:Invoke (object,System.Reflection.BindingFlags,System.Reflection.Binder,object[],System.Globalization.CultureInfo)
System.Reflection.MethodBase:Invoke (object,object[])
UnityEditor.EditorAssemblies:ProcessInitializeOnLoadMethodAttributes ()

[E:/graduateschool/bishe/pico sdk/PICO Unity Integration SDK-3.3.0-20250917/Runtime/Scripts/PXR_ProjectSetting.cs line 122]

System.Reflection.TargetInvocationException: Exception has been thrown by the target of an invocation. ---> UnityEngine.UnityException: Creating asset at path Assets/Resources/PXR_ProjectSetting.asset failed.
  at (wrapper managed-to-native) UnityEditor.AssetDatabase.CreateAsset(UnityEngine.Object,string)
  at Unity.XR.PXR.PXR_ProjectSetting.GetProjectConfig () [0x00161] in E:\graduateschool\bishe\pico sdk\PICO Unity Integration SDK-3.3.0-20250917\Runtime\Scripts\PXR_ProjectSetting.cs:122 
  at Unity.XR.PXR.Editor.PXR_SDKSettingEditor.InitializeOnLoad () [0x00000] in E:\graduateschool\bishe\pico sdk\PICO Unity Integration SDK-3.3.0-20250917\Editor\PXR_SDKSettingEditor.cs:146 
  at (wrapper managed-to-native) System.Reflection.RuntimeMethodInfo.InternalInvoke(System.Reflection.RuntimeMethodInfo,object,object[],System.Exception&)
  at System.Reflection.RuntimeMethodInfo.Invoke (System.Object obj, System.Reflection.BindingFlags invokeAttr, System.Reflection.Binder binder, System.Object[] parameters, System.Globalization.CultureInfo culture) [0x0006a] in <a3b02d6f9b494355b946095ea1f25c54>:0 
   --- End of inner exception stack trace ---
  at System.Reflection.RuntimeMethodInfo.Invoke (System.Object obj, System.Reflection.BindingFlags invokeAttr, System.Reflection.Binder binder, System.Object[] parameters, System.Globalization.CultureInfo culture) [0x00083] in <a3b02d6f9b494355b946095ea1f25c54>:0 
  at System.Reflection.MethodBase.Invoke (System.Object obj, System.Object[] parameters) [0x00000] in <a3b02d6f9b494355b946095ea1f25c54>:0 
  at UnityEditor.EditorAssemblies.ProcessInitializeOnLoadMethodAttributes () [0x000a5] in <227afaeeb5894c00b1d9aa4278f87f8c>:0 
UnityEngine.StackTraceUtility:ExtractStackTrace ()
UnityEngine.DebugLogHandler:LogFormat (UnityEngine.LogType,UnityEngine.Object,string,object[])
UnityEngine.Logger:Log (UnityEngine.LogType,object)
UnityEngine.Debug:LogError (object)
UnityEditor.EditorAssemblies:ProcessInitializeOnLoadMethodAttributes ()

Mono: successfully reloaded assembly
[Package Manager] Server::EnsureServerProcessIsRunning -- launch failed, reason: Unity was launched with the -noUpm command-line argument
[Package Manager] UpmClient::Send -- Unable to send message (not connected to UPM process).
[Package Manager] Cannot connect to Unity Package Manager local server
- Finished resetting the current domain, in  1.418 seconds
Domain Reload Profiling: 1891ms
	BeginReloadAssembly (161ms)
		ExecutionOrderSort (0ms)
		DisableScriptedObjects (3ms)
		BackupInstance (0ms)
		ReleaseScriptingObjects (0ms)
		CreateAndSetChildDomain (39ms)
	RebuildCommonClasses (23ms)
	RebuildNativeTypeToScriptingClass (11ms)
	initialDomainReloadingComplete (30ms)
	LoadAllAssembliesAndSetupDomain (248ms)
		LoadAssemblies (274ms)
		RebuildTransferFunctionScriptingTraits (0ms)
		AnalyzeDomain (47ms)
			TypeCache.Refresh (11ms)
				TypeCache.ScanAssembly (3ms)
			ScanForSourceGeneratedMonoScriptInfo (22ms)
			ResolveRequiredComponents (13ms)
	FinalizeReload (1419ms)
		ReleaseScriptCaches (0ms)
		RebuildScriptCaches (0ms)
		SetupLoadedEditorAssemblies (501ms)
			LogAssemblyErrors (0ms)
			InitializePlatformSupportModulesInManaged (20ms)
			SetLoadedEditorAssemblies (4ms)
			RefreshPlugins (0ms)
			BeforeProcessingInitializeOnLoad (60ms)
			ProcessInitializeOnLoadAttributes (351ms)
			ProcessInitializeOnLoadMethodAttributes (58ms)
			AfterProcessingInitializeOnLoad (9ms)
			EditorAssembliesLoaded (0ms)
		ExecutionOrderSort2 (0ms)
		AwakeInstancesAfterBackupRestoration (14ms)
Refreshing native plugins compatible for Editor in 23.84 ms, found 18 plugins.
Preloading 2 native plugins for Editor in 0.18 ms.
Unloading 6548 Unused Serialized files (Serialized files now loaded: 0)
Unloading 104 unused Assets / (5.0 MB). Loaded Objects now: 7319.
Memory consumption went from 282.3 MB to 277.3 MB.
Total: 4.983100 ms (FindLiveObjects: 0.527500 ms CreateObjectMapping: 0.370400 ms MarkObjects: 2.593800 ms  DeleteObjects: 1.490400 ms)

Prepare: number of updated asset objects reloaded= 34
AssetImportParameters requested are different than current active one (requested -> active):
  custom:container-demuxer-ogg: 62fdf1f143b41e24485cea50d1cbac27 -> 
  custom:framework-win-MediaFoundation: 216162199b28c13a410421893ffa2e32 -> 
  custom:container-muxer-webm: aa71ff27fc2769a1b78a27578f13a17b -> 
  custom:video-decoder-webm-vp8: 9c59270c3fd7afecdb556c50c9e8de78 -> 
  custom:SearchIndexIgnoredProperties: e643bd26f0fe6173181afceb89e7c659 -> 
  custom:AudioImporter_EditorPlatform: d09bf68614088b80899f8185d706f6e7 -> 
  custom:audio-decoder-ogg-vorbis: bf7c407c2cedff20999df2af8eb42d56 -> 
  custom:audio-encoder-webm-vorbis: bf7c407c2cedff20999df2af8eb42d56 -> 
  custom:video-codec-MediaFoundation-h265: 746d11721c4dcdbdad8f713fa42b33f4 -> 
  custom:video-decoder-ogg-theora: a1e56fd34408186e4bbccfd4996cb3dc -> 
  custom:CustomObjectIndexerAttribute: a3ef5dd2817f97addfee359851a9dba5 -> 
  custom:container-demuxer-webm: 4f35f7cbe854078d1ac9338744f61a02 -> 
  custom:video-encoder-webm-vp8: eb34c28f22e8b96e1ab97ce403110664 -> 
========================================================================
Received Import Request.
  Time since last request: 169.495553 seconds.
  path: Assets/Cafe Interior/Prefabs
  artifactKey: Guid(8cbd93bfdd408124cbeb6b368ad155d7) Importer(815301076,1909f56bfc062723c751e8b465ee728b)
Start importing Assets/Cafe Interior/Prefabs using Guid(8cbd93bfdd408124cbeb6b368ad155d7) Importer(815301076,1909f56bfc062723c751e8b465ee728b)  -> (artifact id: '245899ecdd6cff5b0f1124d4fa292a9b') in 0.001415 seconds
Number of updated asset objects reloaded before import = 0
Number of asset objects unloaded after import = 0
========================================================================
Received Import Request.
  Time since last request: 0.072209 seconds.
  path: Assets/Cafe Interior/Prefabs/Air conditioner.prefab
  artifactKey: Guid(6b434b048e2d97c419ab7002421a4223) Importer(815301076,1909f56bfc062723c751e8b465ee728b)
Start importing Assets/Cafe Interior/Prefabs/Air conditioner.prefab using Guid(6b434b048e2d97c419ab7002421a4223) Importer(815301076,1909f56bfc062723c751e8b465ee728b)  -> (artifact id: '75556699f4148761bd89d1f45b8a279f') in 0.200761 seconds
Number of updated asset objects reloaded before import = 0
Number of asset objects unloaded after import = 30
========================================================================
Received Import Request.
  Time since last request: 0.000016 seconds.
  path: Assets/Cafe Interior/Prefabs/Chair 1.prefab
  artifactKey: Guid(78780cbfff6f6ba44a93eaa28bcc3d2f) Importer(815301076,1909f56bfc062723c751e8b465ee728b)
Start importing Assets/Cafe Interior/Prefabs/Chair 1.prefab using Guid(78780cbfff6f6ba44a93eaa28bcc3d2f) Importer(815301076,1909f56bfc062723c751e8b465ee728b)  -> (artifact id: '686405292ea9be10802a7a1ee15c237b') in 0.027482 seconds
Number of updated asset objects reloaded before import = 0
Number of asset objects unloaded after import = 11
========================================================================
Received Import Request.
  Time since last request: 0.000027 seconds.
  path: Assets/Cafe Interior/Prefabs/Spoon.prefab
  artifactKey: Guid(dbaa8f718aa0668408442491ccbaee7b) Importer(815301076,1909f56bfc062723c751e8b465ee728b)
Start importing Assets/Cafe Interior/Prefabs/Spoon.prefab using Guid(dbaa8f718aa0668408442491ccbaee7b) Importer(815301076,1909f56bfc062723c751e8b465ee728b)  -> (artifact id: '1da6f26cd5ab37b989d27ccf76f7bc84') in 0.015366 seconds
Number of updated asset objects reloaded before import = 0
Number of asset objects unloaded after import = 10
========================================================================
Received Import Request.
  Time since last request: 0.000019 seconds.
  path: Assets/Cafe Interior/Prefabs/Bottle 4.prefab
  artifactKey: Guid(0a76fe49e8b75164b8e8240bf956447b) Importer(815301076,1909f56bfc062723c751e8b465ee728b)
Start importing Assets/Cafe Interior/Prefabs/Bottle 4.prefab using Guid(0a76fe49e8b75164b8e8240bf956447b) Importer(815301076,1909f56bfc062723c751e8b465ee728b)  -> (artifact id: '42aeb3f5e021ce41efc8059c59b48425') in 0.016337 seconds
Number of updated asset objects reloaded before import = 0
Number of asset objects unloaded after import = 12
========================================================================
Received Import Request.
  Time since last request: 0.000019 seconds.
  path: Assets/Cafe Interior/Prefabs/Blackboard.prefab
  artifactKey: Guid(1981e58a58a66db42a68205df90ec97c) Importer(815301076,1909f56bfc062723c751e8b465ee728b)
Start importing Assets/Cafe Interior/Prefabs/Blackboard.prefab using Guid(1981e58a58a66db42a68205df90ec97c) Importer(815301076,1909f56bfc062723c751e8b465ee728b)  -> (artifact id: '79ea8f171131ee5cf1c6138d46d85b79') in 0.021938 seconds
Number of updated asset objects reloaded before import = 0
Number of asset objects unloaded after import = 11
========================================================================
Received Import Request.
  Time since last request: 0.000020 seconds.
  path: Assets/Cafe Interior/Prefabs/Wall 2.prefab
  artifactKey: Guid(0a2ad157d9e4eed43bfcc62ff70134ac) Importer(815301076,1909f56bfc062723c751e8b465ee728b)
Start importing Assets/Cafe Interior/Prefabs/Wall 2.prefab using Guid(0a2ad157d9e4eed43bfcc62ff70134ac) Importer(815301076,1909f56bfc062723c751e8b465ee728b)  -> (artifact id: '4a6fc90d1946c3bbbc9e679faf2f12f1') in 0.085214 seconds
Number of updated asset objects reloaded before import = 0
Number of asset objects unloaded after import = 15
========================================================================
Received Import Request.
  Time since last request: 0.000019 seconds.
  path: Assets/Cafe Interior/Prefabs/Showcase.prefab
  artifactKey: Guid(b3fa6a9571c8c8b4c95cb4a761975e75) Importer(815301076,1909f56bfc062723c751e8b465ee728b)
Start importing Assets/Cafe Interior/Prefabs/Showcase.prefab using Guid(b3fa6a9571c8c8b4c95cb4a761975e75) Importer(815301076,1909f56bfc062723c751e8b465ee728b)  -> (artifact id: '3408330e369820998048e1f33f119e80') in 0.016269 seconds
Number of updated asset objects reloaded before import = 0
Number of asset objects unloaded after import = 11
========================================================================
Received Import Request.
  Time since last request: 0.000022 seconds.
  path: Assets/Cafe Interior/Prefabs/Cup.prefab
  artifactKey: Guid(748d03d2395c6cc4fa1faf8270384c5a) Importer(815301076,1909f56bfc062723c751e8b465ee728b)
Start importing Assets/Cafe Interior/Prefabs/Cup.prefab using Guid(748d03d2395c6cc4fa1faf8270384c5a) Importer(815301076,1909f56bfc062723c751e8b465ee728b)  -> (artifact id: 'fa339e44a78ac7d4e6f0fdf06cf5d5b7') in 0.022529 seconds
Number of updated asset objects reloaded before import = 0
Number of asset objects unloaded after import = 11
========================================================================
Received Import Request.
  Time since last request: 0.000025 seconds.
  path: Assets/Cafe Interior/Prefabs/Tray.prefab
  artifactKey: Guid(2bfd3f093347886498a2be0b78879835) Importer(815301076,1909f56bfc062723c751e8b465ee728b)
Start importing Assets/Cafe Interior/Prefabs/Tray.prefab using Guid(2bfd3f093347886498a2be0b78879835) Importer(815301076,1909f56bfc062723c751e8b465ee728b)  -> (artifact id: 'dbe178aebc210db8726e3fcca15d473d') in 0.013460 seconds
Number of updated asset objects reloaded before import = 0
Number of asset objects unloaded after import = 10
========================================================================
Received Import Request.
  Time since last request: 0.000019 seconds.
  path: Assets/Cafe Interior/Prefabs/Window.prefab
  artifactKey: Guid(4a0bec3a5ed655847943ff2835c216b8) Importer(815301076,1909f56bfc062723c751e8b465ee728b)
Start importing Assets/Cafe Interior/Prefabs/Window.prefab using Guid(4a0bec3a5ed655847943ff2835c216b8) Importer(815301076,1909f56bfc062723c751e8b465ee728b)  -> (artifact id: 'cf2ad4192c26802f2c8e26440aae3d88') in 0.018771 seconds
Number of updated asset objects reloaded before import = 0
Number of asset objects unloaded after import = 12
========================================================================
Received Import Request.
  Time since last request: 0.000016 seconds.
  path: Assets/Cafe Interior/Prefabs/Churros.prefab
  artifactKey: Guid(ca9e3da47db63b943a0a13fb0732f6a4) Importer(815301076,1909f56bfc062723c751e8b465ee728b)
Start importing Assets/Cafe Interior/Prefabs/Churros.prefab using Guid(ca9e3da47db63b943a0a13fb0732f6a4) Importer(815301076,1909f56bfc062723c751e8b465ee728b)  -> (artifact id: '13a00f5783eea27d279a13f7194a4181') in 0.028322 seconds
Number of updated asset objects reloaded before import = 0
Number of asset objects unloaded after import = 13
========================================================================
Received Import Request.
  Time since last request: 0.000022 seconds.
  path: Assets/Cafe Interior/Prefabs/Beer 2.prefab
  artifactKey: Guid(388dd11ea89a0734b802bc933954fe38) Importer(815301076,1909f56bfc062723c751e8b465ee728b)
Start importing Assets/Cafe Interior/Prefabs/Beer 2.prefab using Guid(388dd11ea89a0734b802bc933954fe38) Importer(815301076,1909f56bfc062723c751e8b465ee728b)  -> (artifact id: '6665d14ba35b5f009d32ea742dbd3598') in 0.020975 seconds
Number of updated asset objects reloaded before import = 0
Number of asset objects unloaded after import = 11
========================================================================
Received Import Request.
  Time since last request: 0.000017 seconds.
  path: Assets/Cafe Interior/Prefabs/Newspaper.prefab
  artifactKey: Guid(2346c9a8acd7ea44ea2567a8e18cb75b) Importer(815301076,1909f56bfc062723c751e8b465ee728b)
Start importing Assets/Cafe Interior/Prefabs/Newspaper.prefab using Guid(2346c9a8acd7ea44ea2567a8e18cb75b) Importer(815301076,1909f56bfc062723c751e8b465ee728b)  -> (artifact id: '129806d9a74cf6e13ec9f08ba102d6c6') in 0.022119 seconds
Number of updated asset objects reloaded before import = 0
Number of asset objects unloaded after import = 11
========================================================================
Received Import Request.
  Time since last request: 0.000018 seconds.
  path: Assets/Cafe Interior/Prefabs/Chair 2.prefab
  artifactKey: Guid(49a0317f2b27f274da0a67f9888c5063) Importer(815301076,1909f56bfc062723c751e8b465ee728b)
Start importing Assets/Cafe Interior/Prefabs/Chair 2.prefab using Guid(49a0317f2b27f274da0a67f9888c5063) Importer(815301076,1909f56bfc062723c751e8b465ee728b)  -> (artifact id: 'fe1e2192727b73b798e1cefdb14597c4') in 0.021083 seconds
Number of updated asset objects reloaded before import = 0
Number of asset objects unloaded after import = 11
========================================================================
Received Import Request.
  Time since last request: 0.000027 seconds.
  path: Assets/Cafe Interior/Prefabs/Wall 3.prefab
  artifactKey: Guid(26b77465c6e192b449ed844c677b932e) Importer(815301076,1909f56bfc062723c751e8b465ee728b)
Start importing Assets/Cafe Interior/Prefabs/Wall 3.prefab using Guid(26b77465c6e192b449ed844c677b932e) Importer(815301076,1909f56bfc062723c751e8b465ee728b)  -> (artifact id: 'eb7c378ee4aa6fd761670ff809205d4a') in 0.072957 seconds
Number of updated asset objects reloaded before import = 0
Number of asset objects unloaded after import = 12
========================================================================
Received Import Request.
  Time since last request: 0.000023 seconds.
  path: Assets/Cafe Interior/Prefabs/Napkin holder.prefab
  artifactKey: Guid(35380b03a7538804aac5a28f8d484cd9) Importer(815301076,1909f56bfc062723c751e8b465ee728b)
Start importing Assets/Cafe Interior/Prefabs/Napkin holder.prefab using Guid(35380b03a7538804aac5a28f8d484cd9) Importer(815301076,1909f56bfc062723c751e8b465ee728b)  -> (artifact id: 'a7e9e7b7ec69d84e5704fa62dd422dd6') in 0.029368 seconds
Number of updated asset objects reloaded before import = 0
Number of asset objects unloaded after import = 12
========================================================================
Received Import Request.
  Time since last request: 0.000029 seconds.
  path: Assets/Cafe Interior/Prefabs/Cake 2.prefab
  artifactKey: Guid(84e93377bb30c59429f53a71587792d8) Importer(815301076,1909f56bfc062723c751e8b465ee728b)
Start importing Assets/Cafe Interior/Prefabs/Cake 2.prefab using Guid(84e93377bb30c59429f53a71587792d8) Importer(815301076,1909f56bfc062723c751e8b465ee728b)  -> (artifact id: '3cf7718bab53e12abfcda659a86ae16d') in 0.040547 seconds
Number of updated asset objects reloaded before import = 0
Number of asset objects unloaded after import = 14
========================================================================
Received Import Request.
  Time since last request: 0.000020 seconds.
  path: Assets/Cafe Interior/Prefabs/Bottle 6.prefab
  artifactKey: Guid(fc2ba1992bb29264a9af6321d74642ed) Importer(815301076,1909f56bfc062723c751e8b465ee728b)
Start importing Assets/Cafe Interior/Prefabs/Bottle 6.prefab using Guid(fc2ba1992bb29264a9af6321d74642ed) Importer(815301076,1909f56bfc062723c751e8b465ee728b)  -> (artifact id: '154f0f0cfa17b651f3149d25cce330e8') in 0.014642 seconds
Number of updated asset objects reloaded before import = 0
Number of asset objects unloaded after import = 12
========================================================================
Received Import Request.
  Time since last request: 0.000017 seconds.
  path: Assets/Cafe Interior/Prefabs/Coffee 2.prefab
  artifactKey: Guid(547777c1248968048a2a4ebfe57157f2) Importer(815301076,1909f56bfc062723c751e8b465ee728b)
Start importing Assets/Cafe Interior/Prefabs/Coffee 2.prefab using Guid(547777c1248968048a2a4ebfe57157f2) Importer(815301076,1909f56bfc062723c751e8b465ee728b)  -> (artifact id: 'f54f2a2eb7413ef91c9a929975204c30') in 0.023486 seconds
Number of updated asset objects reloaded before import = 0
Number of asset objects unloaded after import = 11
========================================================================
Received Import Request.
  Time since last request: 0.000019 seconds.
  path: Assets/Cafe Interior/Prefabs/Door 1.prefab
  artifactKey: Guid(6c4150f5e67f9ff40b5c3d733477add2) Importer(815301076,1909f56bfc062723c751e8b465ee728b)
Start importing Assets/Cafe Interior/Prefabs/Door 1.prefab using Guid(6c4150f5e67f9ff40b5c3d733477add2) Importer(815301076,1909f56bfc062723c751e8b465ee728b)  -> (artifact id: 'b1cfa0e1d656aeb54bf93120afa6d2f1') in 0.038409 seconds
Number of updated asset objects reloaded before import = 0
Number of asset objects unloaded after import = 32
========================================================================
Received Import Request.
  Time since last request: 0.000020 seconds.
  path: Assets/Cafe Interior/Prefabs/Menu.prefab
  artifactKey: Guid(f6c501a3a4cc8dc48be3c13d700306f3) Importer(815301076,1909f56bfc062723c751e8b465ee728b)
Start importing Assets/Cafe Interior/Prefabs/Menu.prefab using Guid(f6c501a3a4cc8dc48be3c13d700306f3) Importer(815301076,1909f56bfc062723c751e8b465ee728b)  -> (artifact id: '3fffad5a2c7f999779306ce4e8327bf6') in 0.040837 seconds
Number of updated asset objects reloaded before import = 0
Number of asset objects unloaded after import = 11
========================================================================
Received Import Request.
  Time since last request: 0.000022 seconds.
  path: Assets/Cafe Interior/Prefabs/Glass 2.prefab
  artifactKey: Guid(0cf43f800cb2ebf4a8be154d2ac98056) Importer(815301076,1909f56bfc062723c751e8b465ee728b)
Start importing Assets/Cafe Interior/Prefabs/Glass 2.prefab using Guid(0cf43f800cb2ebf4a8be154d2ac98056) Importer(815301076,1909f56bfc062723c751e8b465ee728b)  -> (artifact id: 'c4add00f53843ec8dff6dc7f2e143365') in 0.014475 seconds
Number of updated asset objects reloaded before import = 0
Number of asset objects unloaded after import = 10
========================================================================
Received Import Request.
  Time since last request: 0.000029 seconds.
  path: Assets/Cafe Interior/Prefabs/Ceiling lamp 2.prefab
  artifactKey: Guid(eea71cbbe1853444a8b01ca9d0d76421) Importer(815301076,1909f56bfc062723c751e8b465ee728b)
Start importing Assets/Cafe Interior/Prefabs/Ceiling lamp 2.prefab using Guid(eea71cbbe1853444a8b01ca9d0d76421) Importer(815301076,1909f56bfc062723c751e8b465ee728b)  -> (artifact id: '8850e176bb236dd2ecce06416cc9ab73') in 0.025984 seconds
Number of updated asset objects reloaded before import = 0
Number of asset objects unloaded after import = 12
========================================================================
Received Import Request.
  Time since last request: 0.000018 seconds.
  path: Assets/Cafe Interior/Prefabs/Wall lamp.prefab
  artifactKey: Guid(df61da8ee88775247ac543c9233894a9) Importer(815301076,1909f56bfc062723c751e8b465ee728b)
Start importing Assets/Cafe Interior/Prefabs/Wall lamp.prefab using Guid(df61da8ee88775247ac543c9233894a9) Importer(815301076,1909f56bfc062723c751e8b465ee728b)  -> (artifact id: 'e7fea2bf371c8fe881cdc70cae093501') in 0.020430 seconds
Number of updated asset objects reloaded before import = 0
Number of asset objects unloaded after import = 12
========================================================================
Received Import Request.
  Time since last request: 0.000019 seconds.
  path: Assets/Cafe Interior/Prefabs/Wall 5.prefab
  artifactKey: Guid(8856274c224674f48ad74c95c4a6f98e) Importer(815301076,1909f56bfc062723c751e8b465ee728b)
Start importing Assets/Cafe Interior/Prefabs/Wall 5.prefab using Guid(8856274c224674f48ad74c95c4a6f98e) Importer(815301076,1909f56bfc062723c751e8b465ee728b)  -> (artifact id: 'dd9b17e5dbf4cb68b184a7260cfd043a') in 0.086218 seconds
Number of updated asset objects reloaded before import = 0
Number of asset objects unloaded after import = 15
========================================================================
Received Import Request.
  Time since last request: 0.000021 seconds.
  path: Assets/Cafe Interior/Prefabs/Bottle 5.prefab
  artifactKey: Guid(f102955eaa379aa44a96138ce077eee7) Importer(815301076,1909f56bfc062723c751e8b465ee728b)
Start importing Assets/Cafe Interior/Prefabs/Bottle 5.prefab using Guid(f102955eaa379aa44a96138ce077eee7) Importer(815301076,1909f56bfc062723c751e8b465ee728b)  -> (artifact id: '8d2d95ab1ed5a9fe30f7007249b4afec') in 0.018043 seconds
Number of updated asset objects reloaded before import = 0
Number of asset objects unloaded after import = 11
========================================================================
Received Import Request.
  Time since last request: 0.000017 seconds.
  path: Assets/Cafe Interior/Prefabs/Cash register.prefab
  artifactKey: Guid(e483d24847e529246a04f984864b0731) Importer(815301076,1909f56bfc062723c751e8b465ee728b)
Start importing Assets/Cafe Interior/Prefabs/Cash register.prefab using Guid(e483d24847e529246a04f984864b0731) Importer(815301076,1909f56bfc062723c751e8b465ee728b)  -> (artifact id: 'ee8223ade1f49b401c2b4703790e32dc') in 0.020150 seconds
Number of updated asset objects reloaded before import = 0
Number of asset objects unloaded after import = 11
========================================================================
Received Import Request.
  Time since last request: 0.000021 seconds.
  path: Assets/Cafe Interior/Prefabs/Shelf.prefab
  artifactKey: Guid(f2b3da0469d5f1f42a2deb7aa8221162) Importer(815301076,1909f56bfc062723c751e8b465ee728b)
Start importing Assets/Cafe Interior/Prefabs/Shelf.prefab using Guid(f2b3da0469d5f1f42a2deb7aa8221162) Importer(815301076,1909f56bfc062723c751e8b465ee728b)  -> (artifact id: '18bce32f6ee7342a7da29ceaea29b704') in 0.019628 seconds
Number of updated asset objects reloaded before import = 0
Number of asset objects unloaded after import = 12
========================================================================
Received Import Request.
  Time since last request: 0.000025 seconds.
  path: Assets/Cafe Interior/Prefabs/Coffee machine.prefab
  artifactKey: Guid(36503ceb439c84f47a88f33c25efbfac) Importer(815301076,1909f56bfc062723c751e8b465ee728b)
Start importing Assets/Cafe Interior/Prefabs/Coffee machine.prefab using Guid(36503ceb439c84f47a88f33c25efbfac) Importer(815301076,1909f56bfc062723c751e8b465ee728b)  -> (artifact id: '9642acf6ad292fc7e9302d0d7fa4cd91') in 0.031414 seconds
Number of updated asset objects reloaded before import = 0
Number of asset objects unloaded after import = 12
========================================================================
Received Import Request.
  Time since last request: 0.000017 seconds.
  path: Assets/Cafe Interior/Prefabs/Refrigerator.prefab
  artifactKey: Guid(27546f070fd70a54582a3195d1c96e67) Importer(815301076,1909f56bfc062723c751e8b465ee728b)
Start importing Assets/Cafe Interior/Prefabs/Refrigerator.prefab using Guid(27546f070fd70a54582a3195d1c96e67) Importer(815301076,1909f56bfc062723c751e8b465ee728b)  -> (artifact id: '01763c6aae13cab3fa5deaf008378a4b') in 0.039693 seconds
Number of updated asset objects reloaded before import = 0
Number of asset objects unloaded after import = 11
========================================================================
Received Import Request.
  Time since last request: 0.000019 seconds.
  path: Assets/Cafe Interior/Prefabs/Glass 1.prefab
  artifactKey: Guid(21a61dea35d3b2e46b0bed7627c03ec2) Importer(815301076,1909f56bfc062723c751e8b465ee728b)
Start importing Assets/Cafe Interior/Prefabs/Glass 1.prefab using Guid(21a61dea35d3b2e46b0bed7627c03ec2) Importer(815301076,1909f56bfc062723c751e8b465ee728b)  -> (artifact id: '74b7c838e0664e57451f05d93e8f95b0') in 0.015907 seconds
Number of updated asset objects reloaded before import = 0
Number of asset objects unloaded after import = 10
========================================================================
Received Import Request.
  Time since last request: 0.000018 seconds.
  path: Assets/Cafe Interior/Prefabs/Fresh cola.prefab
  artifactKey: Guid(8e5072f0b45a6e843b26fa320025dfcb) Importer(815301076,1909f56bfc062723c751e8b465ee728b)
Start importing Assets/Cafe Interior/Prefabs/Fresh cola.prefab using Guid(8e5072f0b45a6e843b26fa320025dfcb) Importer(815301076,1909f56bfc062723c751e8b465ee728b)  -> (artifact id: '5cf8ae756c10c6fb73ca576660d6dcb6') in 0.034317 seconds
Number of updated asset objects reloaded before import = 0
Number of asset objects unloaded after import = 12
========================================================================
Received Import Request.
  Time since last request: 0.000021 seconds.
  path: Assets/Cafe Interior/Prefabs/Ceiling lamp.prefab
  artifactKey: Guid(0da67791d68bd024a9ddc2b2acc04fcc) Importer(815301076,1909f56bfc062723c751e8b465ee728b)
Start importing Assets/Cafe Interior/Prefabs/Ceiling lamp.prefab using Guid(0da67791d68bd024a9ddc2b2acc04fcc) Importer(815301076,1909f56bfc062723c751e8b465ee728b)  -> (artifact id: '2a65360ce1db542ea6c1967ef03e905c') in 0.023749 seconds
Number of updated asset objects reloaded before import = 0
Number of asset objects unloaded after import = 13
========================================================================
Received Import Request.
  Time since last request: 0.000024 seconds.
  path: Assets/Cafe Interior/Prefabs/Blackboard 3.prefab
  artifactKey: Guid(4848a525863ac54478eb89fa1d2f8e1c) Importer(815301076,1909f56bfc062723c751e8b465ee728b)
Start importing Assets/Cafe Interior/Prefabs/Blackboard 3.prefab using Guid(4848a525863ac54478eb89fa1d2f8e1c) Importer(815301076,1909f56bfc062723c751e8b465ee728b)  -> (artifact id: '6524ba64b2584f88acdb0425826fb1a7') in 0.022514 seconds
Number of updated asset objects reloaded before import = 0
Number of asset objects unloaded after import = 11
========================================================================
Received Import Request.
  Time since last request: 0.000030 seconds.
  path: Assets/Cafe Interior/Prefabs/Blackboard 2.prefab
  artifactKey: Guid(d22f37561677d74438052469da892c09) Importer(815301076,1909f56bfc062723c751e8b465ee728b)
Start importing Assets/Cafe Interior/Prefabs/Blackboard 2.prefab using Guid(d22f37561677d74438052469da892c09) Importer(815301076,1909f56bfc062723c751e8b465ee728b)  -> (artifact id: 'c1c5b190efed0036b2c5ecf1bb1016bb') in 0.024061 seconds
Number of updated asset objects reloaded before import = 0
Number of asset objects unloaded after import = 11
========================================================================
Received Import Request.
  Time since last request: 0.000018 seconds.
  path: Assets/Cafe Interior/Prefabs/Chair 4.prefab
  artifactKey: Guid(15a58c80bf9a5734d82c0596c107c32c) Importer(815301076,1909f56bfc062723c751e8b465ee728b)
Start importing Assets/Cafe Interior/Prefabs/Chair 4.prefab using Guid(15a58c80bf9a5734d82c0596c107c32c) Importer(815301076,1909f56bfc062723c751e8b465ee728b)  -> (artifact id: '0a1038ca4f29c4f41f634b072ea03d79') in 0.028354 seconds
Number of updated asset objects reloaded before import = 0
Number of asset objects unloaded after import = 11
========================================================================
Received Import Request.
  Time since last request: 55.129393 seconds.
  path: Assets/Cafe Interior/Models/Materials/beer.mat
  artifactKey: Guid(cb06803e25cc7fe4692fbf7df5e39a76) Importer(815301076,1909f56bfc062723c751e8b465ee728b)
Start importing Assets/Cafe Interior/Models/Materials/beer.mat using Guid(cb06803e25cc7fe4692fbf7df5e39a76) Importer(815301076,1909f56bfc062723c751e8b465ee728b)  -> (artifact id: '51145cc11d66d31dbb6f9a10a924377c') in 0.036291 seconds
Number of updated asset objects reloaded before import = 0
Number of asset objects unloaded after import = 4
========================================================================
Received Import Request.
  Time since last request: 0.000019 seconds.
  path: Assets/Cafe Interior/Models/Materials/bottle 3.mat
  artifactKey: Guid(088c4def4b1f7a04884b5345c4f96621) Importer(815301076,1909f56bfc062723c751e8b465ee728b)
Start importing Assets/Cafe Interior/Models/Materials/bottle 3.mat using Guid(088c4def4b1f7a04884b5345c4f96621) Importer(815301076,1909f56bfc062723c751e8b465ee728b)  -> (artifact id: 'a91158df2e6c508e9d16a5138a6c2a68') in 0.013881 seconds
Number of updated asset objects reloaded before import = 0
Number of asset objects unloaded after import = 3
========================================================================
Received Import Request.
  Time since last request: 0.000013 seconds.
  path: Assets/Cafe Interior/Models/Materials/refrigerator.mat
  artifactKey: Guid(68c3f55b327c9664ea77389c3d66e7cf) Importer(815301076,1909f56bfc062723c751e8b465ee728b)
Start importing Assets/Cafe Interior/Models/Materials/refrigerator.mat using Guid(68c3f55b327c9664ea77389c3d66e7cf) Importer(815301076,1909f56bfc062723c751e8b465ee728b)  -> (artifact id: '563d34460c3103069e35ff3e1950aa9c') in 0.033178 seconds
Number of updated asset objects reloaded before import = 0
Number of asset objects unloaded after import = 3
========================================================================
Received Import Request.
  Time since last request: 0.000018 seconds.
  path: Assets/Cafe Interior/Models/Materials/chairs color 2.mat
  artifactKey: Guid(959278083a320da4d9052e780b7de544) Importer(815301076,1909f56bfc062723c751e8b465ee728b)
Start importing Assets/Cafe Interior/Models/Materials/chairs color 2.mat using Guid(959278083a320da4d9052e780b7de544) Importer(815301076,1909f56bfc062723c751e8b465ee728b)  -> (artifact id: '3d3264060ec201b9e3995c5e05a52e92') in 0.018422 seconds
Number of updated asset objects reloaded before import = 0
Number of asset objects unloaded after import = 3
========================================================================
Received Import Request.
  Time since last request: 0.000022 seconds.
  path: Assets/Cafe Interior/Models/Materials/door metallic.mat
  artifactKey: Guid(78e4393b1238eb948a6e6b385f4c043d) Importer(815301076,1909f56bfc062723c751e8b465ee728b)
Start importing Assets/Cafe Interior/Models/Materials/door metallic.mat using Guid(78e4393b1238eb948a6e6b385f4c043d) Importer(815301076,1909f56bfc062723c751e8b465ee728b)  -> (artifact id: '81b726778ede5ebbf1d78be5d9ab5d30') in 0.007032 seconds
Number of updated asset objects reloaded before import = 0
Number of asset objects unloaded after import = 2
========================================================================
Received Import Request.
  Time since last request: 0.000015 seconds.
  path: Assets/Cafe Interior/Models/Materials/window metal.mat
  artifactKey: Guid(113ae47e477c6e748b423adbdd4b3502) Importer(815301076,1909f56bfc062723c751e8b465ee728b)
Start importing Assets/Cafe Interior/Models/Materials/window metal.mat using Guid(113ae47e477c6e748b423adbdd4b3502) Importer(815301076,1909f56bfc062723c751e8b465ee728b)  -> (artifact id: '46c64e40bd5bbe87a8c4c99c85944f53') in 0.006838 seconds
Number of updated asset objects reloaded before import = 0
Number of asset objects unloaded after import = 2
========================================================================
Received Import Request.
  Time since last request: 0.000015 seconds.
  path: Assets/Cafe Interior/Models/Materials/Screen.mat
  artifactKey: Guid(1261aae21c4612d42a55048d004eb934) Importer(815301076,1909f56bfc062723c751e8b465ee728b)
Start importing Assets/Cafe Interior/Models/Materials/Screen.mat using Guid(1261aae21c4612d42a55048d004eb934) Importer(815301076,1909f56bfc062723c751e8b465ee728b)  -> (artifact id: '91538248a91deda81f61fb5554a0883d') in 0.006172 seconds
Number of updated asset objects reloaded before import = 0
Number of asset objects unloaded after import = 2
========================================================================
Received Import Request.
  Time since last request: 0.000013 seconds.
  path: Assets/Cafe Interior/Models/Materials/whisky.mat
  artifactKey: Guid(293b011cad9aa474089ea826a3d86324) Importer(815301076,1909f56bfc062723c751e8b465ee728b)
Start importing Assets/Cafe Interior/Models/Materials/whisky.mat using Guid(293b011cad9aa474089ea826a3d86324) Importer(815301076,1909f56bfc062723c751e8b465ee728b)  -> (artifact id: '63bd910f155d5ba7c27942cbc8b5aef5') in 0.006967 seconds
Number of updated asset objects reloaded before import = 0
Number of asset objects unloaded after import = 2
========================================================================
Received Import Request.
  Time since last request: 0.000014 seconds.
  path: Assets/Cafe Interior/Models/Materials/bottle 2.mat
  artifactKey: Guid(6a85b187d58776049b98d49b0277abf8) Importer(815301076,1909f56bfc062723c751e8b465ee728b)
Start importing Assets/Cafe Interior/Models/Materials/bottle 2.mat using Guid(6a85b187d58776049b98d49b0277abf8) Importer(815301076,1909f56bfc062723c751e8b465ee728b)  -> (artifact id: 'b19635eb0e5d9a4a6ab4d7ef2c8bb716') in 0.015539 seconds
Number of updated asset objects reloaded before import = 0
Number of asset objects unloaded after import = 3
========================================================================
Received Import Request.
  Time since last request: 0.000024 seconds.
  path: Assets/Cafe Interior/Models/Materials/coffee machine.mat
  artifactKey: Guid(677c1cf121ed33849b94efdef80dab96) Importer(815301076,1909f56bfc062723c751e8b465ee728b)
Start importing Assets/Cafe Interior/Models/Materials/coffee machine.mat using Guid(677c1cf121ed33849b94efdef80dab96) Importer(815301076,1909f56bfc062723c751e8b465ee728b)  -> (artifact id: '64850d5da85eadcf5f37a5aad48ac0d7') in 0.024530 seconds
Number of updated asset objects reloaded before import = 0
Number of asset objects unloaded after import = 4
========================================================================
Received Import Request.
  Time since last request: 0.000026 seconds.
  path: Assets/Cafe Interior/Models/Materials/dishes.mat
  artifactKey: Guid(bfd72de94c1c31541809337083dd64d8) Importer(815301076,1909f56bfc062723c751e8b465ee728b)
Start importing Assets/Cafe Interior/Models/Materials/dishes.mat using Guid(bfd72de94c1c31541809337083dd64d8) Importer(815301076,1909f56bfc062723c751e8b465ee728b)  -> (artifact id: 'd13eeb10a895b0d84125ba7c9777c9aa') in 0.014528 seconds
Number of updated asset objects reloaded before import = 0
Number of asset objects unloaded after import = 3
========================================================================
Received Import Request.
  Time since last request: 0.000013 seconds.
  path: Assets/Cafe Interior/Models/Materials/beer tap plastic.mat
  artifactKey: Guid(b3e9d2bd45863a74d80e4e967ac8e50c) Importer(815301076,1909f56bfc062723c751e8b465ee728b)
Start importing Assets/Cafe Interior/Models/Materials/beer tap plastic.mat using Guid(b3e9d2bd45863a74d80e4e967ac8e50c) Importer(815301076,1909f56bfc062723c751e8b465ee728b)  -> (artifact id: 'b971f721bb9e8193e044603e76573639') in 0.006365 seconds
Number of updated asset objects reloaded before import = 0
Number of asset objects unloaded after import = 2
========================================================================
Received Import Request.
  Time since last request: 0.000012 seconds.
  path: Assets/Cafe Interior/Models/Materials/bottle.mat
  artifactKey: Guid(516aed8008e528c48b9f8f9ae599fcae) Importer(815301076,1909f56bfc062723c751e8b465ee728b)
Start importing Assets/Cafe Interior/Models/Materials/bottle.mat using Guid(516aed8008e528c48b9f8f9ae599fcae) Importer(815301076,1909f56bfc062723c751e8b465ee728b)  -> (artifact id: '5819f93dcd67981714501b83bd3fd0c6') in 0.006904 seconds
Number of updated asset objects reloaded before import = 0
Number of asset objects unloaded after import = 2
========================================================================
Received Import Request.
  Time since last request: 0.000013 seconds.
  path: Assets/Cafe Interior/Models/Materials/cookies.mat
  artifactKey: Guid(5bfb65bff1a1ddf448df9c7fdc6c6990) Importer(815301076,1909f56bfc062723c751e8b465ee728b)
Start importing Assets/Cafe Interior/Models/Materials/cookies.mat using Guid(5bfb65bff1a1ddf448df9c7fdc6c6990) Importer(815301076,1909f56bfc062723c751e8b465ee728b)  -> (artifact id: 'd13e5a40f96fe18eb4ce9ef726bb2b9f') in 0.022275 seconds
Number of updated asset objects reloaded before import = 0
Number of asset objects unloaded after import = 4
========================================================================
Received Import Request.
  Time since last request: 0.000021 seconds.
  path: Assets/Cafe Interior/Models/Materials/wood 2 table.mat
  artifactKey: Guid(92938e873b92891409996817ffa76046) Importer(815301076,1909f56bfc062723c751e8b465ee728b)
Start importing Assets/Cafe Interior/Models/Materials/wood 2 table.mat using Guid(92938e873b92891409996817ffa76046) Importer(815301076,1909f56bfc062723c751e8b465ee728b)  -> (artifact id: '5df7b85e3bca099eedc6d9f6d5b34a2c') in 0.023883 seconds
Number of updated asset objects reloaded before import = 0
Number of asset objects unloaded after import = 4
========================================================================
Received Import Request.
  Time since last request: 0.000020 seconds.
  path: Assets/Cafe Interior/Models/Materials/ceiling lamp material 1.mat
  artifactKey: Guid(9b34a5e94b8d13f488c8b6b8be14816f) Importer(815301076,1909f56bfc062723c751e8b465ee728b)
Start importing Assets/Cafe Interior/Models/Materials/ceiling lamp material 1.mat using Guid(9b34a5e94b8d13f488c8b6b8be14816f) Importer(815301076,1909f56bfc062723c751e8b465ee728b)  -> (artifact id: 'cc7b9e75b0b25fdf674228d2d6396763') in 0.006483 seconds
Number of updated asset objects reloaded before import = 0
Number of asset objects unloaded after import = 2
========================================================================
Received Import Request.
  Time since last request: 0.000013 seconds.
  path: Assets/Cafe Interior/Models/Materials/metallic1.mat
  artifactKey: Guid(fb4f670aa1c0eba48bc520917900267d) Importer(815301076,1909f56bfc062723c751e8b465ee728b)
Start importing Assets/Cafe Interior/Models/Materials/metallic1.mat using Guid(fb4f670aa1c0eba48bc520917900267d) Importer(815301076,1909f56bfc062723c751e8b465ee728b)  -> (artifact id: '1fa219bc7e60f2708bfb37584d7ae6a7') in 0.007458 seconds
Number of updated asset objects reloaded before import = 0
Number of asset objects unloaded after import = 2
========================================================================
Received Import Request.
  Time since last request: 0.000016 seconds.
  path: Assets/Cafe Interior/Models/Materials/showcase glass_.mat
  artifactKey: Guid(7a8d53d2adf468549a99dc5f2056bfea) Importer(815301076,1909f56bfc062723c751e8b465ee728b)
Start importing Assets/Cafe Interior/Models/Materials/showcase glass_.mat using Guid(7a8d53d2adf468549a99dc5f2056bfea) Importer(815301076,1909f56bfc062723c751e8b465ee728b)  -> (artifact id: '2d6524c98ebe60ea287f4fd4e3f052fd') in 0.007166 seconds
Number of updated asset objects reloaded before import = 0
Number of asset objects unloaded after import = 2
========================================================================
Received Import Request.
  Time since last request: 0.000014 seconds.
  path: Assets/Cafe Interior/Models/Materials/coffee 2.mat
  artifactKey: Guid(ab5f66b35b064a642b5c41223b4b6097) Importer(815301076,1909f56bfc062723c751e8b465ee728b)
Start importing Assets/Cafe Interior/Models/Materials/coffee 2.mat using Guid(ab5f66b35b064a642b5c41223b4b6097) Importer(815301076,1909f56bfc062723c751e8b465ee728b)  -> (artifact id: '7f525168b03c7feaa5c7f0cd81857140') in 0.018330 seconds
Number of updated asset objects reloaded before import = 0
Number of asset objects unloaded after import = 3
========================================================================
Received Import Request.
  Time since last request: 0.000013 seconds.
  path: Assets/Cafe Interior/Models/Materials/churros.mat
  artifactKey: Guid(a488fc1b51d048b48b2ae62729faf63b) Importer(815301076,1909f56bfc062723c751e8b465ee728b)
Start importing Assets/Cafe Interior/Models/Materials/churros.mat using Guid(a488fc1b51d048b48b2ae62729faf63b) Importer(815301076,1909f56bfc062723c751e8b465ee728b)  -> (artifact id: '3a2cb0cfecc985829f3c5babf16768eb') in 0.014653 seconds
Number of updated asset objects reloaded before import = 0
Number of asset objects unloaded after import = 3
========================================================================
Received Import Request.
  Time since last request: 0.000016 seconds.
  path: Assets/Cafe Interior/Models/Materials/window glass.mat
  artifactKey: Guid(7c723c18f3fb56240a1a004386abc596) Importer(815301076,1909f56bfc062723c751e8b465ee728b)
Start importing Assets/Cafe Interior/Models/Materials/window glass.mat using Guid(7c723c18f3fb56240a1a004386abc596) Importer(815301076,1909f56bfc062723c751e8b465ee728b)  -> (artifact id: 'c04975e318652a0959c9d00c14ffcfa4') in 0.014390 seconds
Number of updated asset objects reloaded before import = 0
Number of asset objects unloaded after import = 3
========================================================================
Received Import Request.
  Time since last request: 0.000013 seconds.
  path: Assets/Cafe Interior/Models/Materials/wall 1.mat
  artifactKey: Guid(c1e8467a53129514c96277bda9e81737) Importer(815301076,1909f56bfc062723c751e8b465ee728b)
Start importing Assets/Cafe Interior/Models/Materials/wall 1.mat using Guid(c1e8467a53129514c96277bda9e81737) Importer(815301076,1909f56bfc062723c751e8b465ee728b)  -> (artifact id: 'c9168fd93a00cfdfe4afb491464ad353') in 0.068476 seconds
Number of updated asset objects reloaded before import = 0
Number of asset objects unloaded after import = 4
========================================================================
Received Import Request.
  Time since last request: 0.000017 seconds.
  path: Assets/Cafe Interior/Models/Materials/focus light.mat
  artifactKey: Guid(15e562ebbada4a141915f6339bc6018a) Importer(815301076,1909f56bfc062723c751e8b465ee728b)
Start importing Assets/Cafe Interior/Models/Materials/focus light.mat using Guid(15e562ebbada4a141915f6339bc6018a) Importer(815301076,1909f56bfc062723c751e8b465ee728b)  -> (artifact id: 'd0c0bf9719637e5c92a2869e0138824f') in 0.014915 seconds
Number of updated asset objects reloaded before import = 0
Number of asset objects unloaded after import = 3
========================================================================
Received Import Request.
  Time since last request: 0.000022 seconds.
  path: Assets/Cafe Interior/Models/Materials/milk.mat
  artifactKey: Guid(0083fb0707c010246b7920160cc2681d) Importer(815301076,1909f56bfc062723c751e8b465ee728b)
Start importing Assets/Cafe Interior/Models/Materials/milk.mat using Guid(0083fb0707c010246b7920160cc2681d) Importer(815301076,1909f56bfc062723c751e8b465ee728b)  -> (artifact id: '57c85979455ad9daff806affd46ba1b9') in 0.017898 seconds
Number of updated asset objects reloaded before import = 0
Number of asset objects unloaded after import = 3
========================================================================
Received Import Request.
  Time since last request: 0.000013 seconds.
  path: Assets/Cafe Interior/Models/Materials/wood 5.mat
  artifactKey: Guid(c86dea7eb43f29448950c1d0d5a3dc10) Importer(815301076,1909f56bfc062723c751e8b465ee728b)
Start importing Assets/Cafe Interior/Models/Materials/wood 5.mat using Guid(c86dea7eb43f29448950c1d0d5a3dc10) Importer(815301076,1909f56bfc062723c751e8b465ee728b)  -> (artifact id: '582832401dd2450f15f1a7b8167a6639') in 0.066092 seconds
Number of updated asset objects reloaded before import = 0
Number of asset objects unloaded after import = 4
========================================================================
Received Import Request.
  Time since last request: 108.955850 seconds.
  path: Assets/Scenes/high/Demo.unity
  artifactKey: Guid(e1e67ec36cd964a41bbe00c8f8345bc9) Importer(815301076,1909f56bfc062723c751e8b465ee728b)
Start importing Assets/Scenes/high/Demo.unity using Guid(e1e67ec36cd964a41bbe00c8f8345bc9) Importer(815301076,1909f56bfc062723c751e8b465ee728b)  -> (artifact id: '1027961747373b899ca1d39d2e520601') in 0.000563 seconds
Number of updated asset objects reloaded before import = 0
Number of asset objects unloaded after import = 0
========================================================================
Received Import Request.
  Time since last request: 77.332182 seconds.
  path: Assets/Scenes/high/VRScene.unity
  artifactKey: Guid(e1e67ec36cd964a41bbe00c8f8345bc9) Importer(815301076,1909f56bfc062723c751e8b465ee728b)
Start importing Assets/Scenes/high/VRScene.unity using Guid(e1e67ec36cd964a41bbe00c8f8345bc9) Importer(815301076,1909f56bfc062723c751e8b465ee728b)  -> (artifact id: 'c6be70be71abdf81ea74886b051bb548') in 0.000735 seconds
Number of updated asset objects reloaded before import = 0
Number of asset objects unloaded after import = 0
========================================================================
Received Prepare
Begin MonoManager ReloadAssembly
- Loaded All Assemblies, in  0.481 seconds
Refreshing native plugins compatible for Editor in 27.50 ms, found 18 plugins.
Native extension for WindowsStandalone target not found
Native extension for Android target not found
[Package Manager] Server::EnsureServerProcessIsRunning -- launch failed, reason: Unity was launched with the -noUpm command-line argument
[Package Manager] UpmClient::Send -- Unable to send message (not connected to UPM process).
[Package Manager] Cannot connect to Unity Package Manager local server
PXRLog [Build Check]RegisterBuildPlayerHandler,Already Do not show: False
UnityEngine.StackTraceUtility:ExtractStackTrace ()
UnityEngine.DebugLogHandler:LogFormat (UnityEngine.LogType,UnityEngine.Object,string,object[])
UnityEngine.Logger:Log (UnityEngine.LogType,object)
UnityEngine.Debug:Log (object)
Unity.XR.PXR.Editor.PXR_SDKBuildCheck:.cctor () (at E:/graduateschool/bishe/pico sdk/PICO Unity Integration SDK-3.3.0-20250917/Editor/PXR_SDKBuildCheck.cs:31)
System.Runtime.CompilerServices.RuntimeHelpers:RunClassConstructor (System.RuntimeTypeHandle)
UnityEditor.EditorAssemblies:ProcessInitializeOnLoadAttributes (System.Type[])

(Filename: E:/graduateschool/bishe/pico sdk/PICO Unity Integration SDK-3.3.0-20250917/Editor/PXR_SDKBuildCheck.cs Line: 31)

CreateSerializedAsset is not supported while importing out-of-process
UnityEngine.StackTraceUtility:ExtractStackTrace ()
Unity.XR.PXR.PXR_ProjectSetting:GetProjectConfig () (at E:/graduateschool/bishe/pico sdk/PICO Unity Integration SDK-3.3.0-20250917/Runtime/Scripts/PXR_ProjectSetting.cs:122)
Unity.XR.PXR.Editor.PXR_SDKSettingEditor:InitializeOnLoad () (at E:/graduateschool/bishe/pico sdk/PICO Unity Integration SDK-3.3.0-20250917/Editor/PXR_SDKSettingEditor.cs:146)
System.Reflection.RuntimeMethodInfo:Invoke (object,System.Reflection.BindingFlags,System.Reflection.Binder,object[],System.Globalization.CultureInfo)
System.Reflection.MethodBase:Invoke (object,object[])
UnityEditor.EditorAssemblies:ProcessInitializeOnLoadMethodAttributes ()

[E:/graduateschool/bishe/pico sdk/PICO Unity Integration SDK-3.3.0-20250917/Runtime/Scripts/PXR_ProjectSetting.cs line 122]

System.Reflection.TargetInvocationException: Exception has been thrown by the target of an invocation. ---> UnityEngine.UnityException: Creating asset at path Assets/Resources/PXR_ProjectSetting.asset failed.
  at (wrapper managed-to-native) UnityEditor.AssetDatabase.CreateAsset(UnityEngine.Object,string)
  at Unity.XR.PXR.PXR_ProjectSetting.GetProjectConfig () [0x00161] in E:\graduateschool\bishe\pico sdk\PICO Unity Integration SDK-3.3.0-20250917\Runtime\Scripts\PXR_ProjectSetting.cs:122 
  at Unity.XR.PXR.Editor.PXR_SDKSettingEditor.InitializeOnLoad () [0x00000] in E:\graduateschool\bishe\pico sdk\PICO Unity Integration SDK-3.3.0-20250917\Editor\PXR_SDKSettingEditor.cs:146 
  at (wrapper managed-to-native) System.Reflection.RuntimeMethodInfo.InternalInvoke(System.Reflection.RuntimeMethodInfo,object,object[],System.Exception&)
  at System.Reflection.RuntimeMethodInfo.Invoke (System.Object obj, System.Reflection.BindingFlags invokeAttr, System.Reflection.Binder binder, System.Object[] parameters, System.Globalization.CultureInfo culture) [0x0006a] in <a3b02d6f9b494355b946095ea1f25c54>:0 
   --- End of inner exception stack trace ---
  at System.Reflection.RuntimeMethodInfo.Invoke (System.Object obj, System.Reflection.BindingFlags invokeAttr, System.Reflection.Binder binder, System.Object[] parameters, System.Globalization.CultureInfo culture) [0x00083] in <a3b02d6f9b494355b946095ea1f25c54>:0 
  at System.Reflection.MethodBase.Invoke (System.Object obj, System.Object[] parameters) [0x00000] in <a3b02d6f9b494355b946095ea1f25c54>:0 
  at UnityEditor.EditorAssemblies.ProcessInitializeOnLoadMethodAttributes () [0x000a5] in <227afaeeb5894c00b1d9aa4278f87f8c>:0 
UnityEngine.StackTraceUtility:ExtractStackTrace ()
UnityEngine.DebugLogHandler:LogFormat (UnityEngine.LogType,UnityEngine.Object,string,object[])
UnityEngine.Logger:Log (UnityEngine.LogType,object)
UnityEngine.Debug:LogError (object)
UnityEditor.EditorAssemblies:ProcessInitializeOnLoadMethodAttributes ()

Mono: successfully reloaded assembly
[Package Manager] Server::EnsureServerProcessIsRunning -- launch failed, reason: Unity was launched with the -noUpm command-line argument
[Package Manager] UpmClient::Send -- Unable to send message (not connected to UPM process).
[Package Manager] Cannot connect to Unity Package Manager local server
- Finished resetting the current domain, in  1.587 seconds
Domain Reload Profiling: 2060ms
	BeginReloadAssembly (165ms)
		ExecutionOrderSort (0ms)
		DisableScriptedObjects (6ms)
		BackupInstance (0ms)
		ReleaseScriptingObjects (0ms)
		CreateAndSetChildDomain (44ms)
	RebuildCommonClasses (26ms)
	RebuildNativeTypeToScriptingClass (9ms)
	initialDomainReloadingComplete (32ms)
	LoadAllAssembliesAndSetupDomain (241ms)
		LoadAssemblies (296ms)
		RebuildTransferFunctionScriptingTraits (0ms)
		AnalyzeDomain (20ms)
			TypeCache.Refresh (5ms)
				TypeCache.ScanAssembly (0ms)
			ScanForSourceGeneratedMonoScriptInfo (0ms)
			ResolveRequiredComponents (14ms)
	FinalizeReload (1587ms)
		ReleaseScriptCaches (0ms)
		RebuildScriptCaches (0ms)
		SetupLoadedEditorAssemblies (673ms)
			LogAssemblyErrors (0ms)
			InitializePlatformSupportModulesInManaged (36ms)
			SetLoadedEditorAssemblies (21ms)
			RefreshPlugins (0ms)
			BeforeProcessingInitializeOnLoad (101ms)
			ProcessInitializeOnLoadAttributes (435ms)
			ProcessInitializeOnLoadMethodAttributes (67ms)
			AfterProcessingInitializeOnLoad (13ms)
			EditorAssembliesLoaded (1ms)
		ExecutionOrderSort2 (0ms)
		AwakeInstancesAfterBackupRestoration (16ms)
Refreshing native plugins compatible for Editor in 24.71 ms, found 18 plugins.
Preloading 2 native plugins for Editor in 0.18 ms.
Unloading 6548 Unused Serialized files (Serialized files now loaded: 0)
Unloading 104 unused Assets / (5.0 MB). Loaded Objects now: 7395.
Memory consumption went from 284.6 MB to 279.6 MB.
Total: 5.917200 ms (FindLiveObjects: 0.528000 ms CreateObjectMapping: 0.330200 ms MarkObjects: 3.279500 ms  DeleteObjects: 1.778000 ms)

Prepare: number of updated asset objects reloaded= 0
AssetImportParameters requested are different than current active one (requested -> active):
  custom:container-demuxer-ogg: 62fdf1f143b41e24485cea50d1cbac27 -> 
  custom:framework-win-MediaFoundation: 216162199b28c13a410421893ffa2e32 -> 
  custom:container-muxer-webm: aa71ff27fc2769a1b78a27578f13a17b -> 
  custom:video-decoder-webm-vp8: 9c59270c3fd7afecdb556c50c9e8de78 -> 
  custom:SearchIndexIgnoredProperties: e643bd26f0fe6173181afceb89e7c659 -> 
  custom:AudioImporter_EditorPlatform: d09bf68614088b80899f8185d706f6e7 -> 
  custom:audio-decoder-ogg-vorbis: bf7c407c2cedff20999df2af8eb42d56 -> 
  custom:audio-encoder-webm-vorbis: bf7c407c2cedff20999df2af8eb42d56 -> 
  custom:video-codec-MediaFoundation-h265: 746d11721c4dcdbdad8f713fa42b33f4 -> 
  custom:video-decoder-ogg-theora: a1e56fd34408186e4bbccfd4996cb3dc -> 
  custom:CustomObjectIndexerAttribute: a3ef5dd2817f97addfee359851a9dba5 -> 
  custom:container-demuxer-webm: 4f35f7cbe854078d1ac9338744f61a02 -> 
  custom:video-encoder-webm-vp8: eb34c28f22e8b96e1ab97ce403110664 -> 
========================================================================
Received Import Request.
  Time since last request: 75.859323 seconds.
  path: Assets/Scenes/UITestScene.unity
  artifactKey: Guid(8617dfe2348bc994b9c32b5232174f4e) Importer(815301076,1909f56bfc062723c751e8b465ee728b)
Start importing Assets/Scenes/UITestScene.unity using Guid(8617dfe2348bc994b9c32b5232174f4e) Importer(815301076,1909f56bfc062723c751e8b465ee728b)  -> (artifact id: 'aef2cdbfe07cb5eb6157fdaf09497a7c') in 0.001778 seconds
Number of updated asset objects reloaded before import = 0
Number of asset objects unloaded after import = 0
========================================================================
Received Import Request.
  Time since last request: 2257.936340 seconds.
  path: Assets/Scenes/high/PCSceneHigh.unity
  artifactKey: Guid(bbd5e7b3055bb5946babdd9bcad5044c) Importer(815301076,1909f56bfc062723c751e8b465ee728b)
Start importing Assets/Scenes/high/PCSceneHigh.unity using Guid(bbd5e7b3055bb5946babdd9bcad5044c) Importer(815301076,1909f56bfc062723c751e8b465ee728b)  -> (artifact id: 'bea9a376f9d39a17f9908ba9ff13a418') in 0.000629 seconds
Number of updated asset objects reloaded before import = 0
Number of asset objects unloaded after import = 0
========================================================================
Received Prepare
Begin MonoManager ReloadAssembly
- Loaded All Assemblies, in  0.473 seconds
Refreshing native plugins compatible for Editor in 20.85 ms, found 18 plugins.
Native extension for WindowsStandalone target not found
Native extension for Android target not found
[Package Manager] Server::EnsureServerProcessIsRunning -- launch failed, reason: Unity was launched with the -noUpm command-line argument
[Package Manager] UpmClient::Send -- Unable to send message (not connected to UPM process).
[Package Manager] Cannot connect to Unity Package Manager local server
PXRLog [Build Check]RegisterBuildPlayerHandler,Already Do not show: False
UnityEngine.StackTraceUtility:ExtractStackTrace ()
UnityEngine.DebugLogHandler:LogFormat (UnityEngine.LogType,UnityEngine.Object,string,object[])
UnityEngine.Logger:Log (UnityEngine.LogType,object)
UnityEngine.Debug:Log (object)
Unity.XR.PXR.Editor.PXR_SDKBuildCheck:.cctor () (at E:/graduateschool/bishe/pico sdk/PICO Unity Integration SDK-3.3.0-20250917/Editor/PXR_SDKBuildCheck.cs:31)
System.Runtime.CompilerServices.RuntimeHelpers:RunClassConstructor (System.RuntimeTypeHandle)
UnityEditor.EditorAssemblies:ProcessInitializeOnLoadAttributes (System.Type[])

(Filename: E:/graduateschool/bishe/pico sdk/PICO Unity Integration SDK-3.3.0-20250917/Editor/PXR_SDKBuildCheck.cs Line: 31)

CreateSerializedAsset is not supported while importing out-of-process
UnityEngine.StackTraceUtility:ExtractStackTrace ()
Unity.XR.PXR.PXR_ProjectSetting:GetProjectConfig () (at E:/graduateschool/bishe/pico sdk/PICO Unity Integration SDK-3.3.0-20250917/Runtime/Scripts/PXR_ProjectSetting.cs:122)
Unity.XR.PXR.Editor.PXR_SDKSettingEditor:InitializeOnLoad () (at E:/graduateschool/bishe/pico sdk/PICO Unity Integration SDK-3.3.0-20250917/Editor/PXR_SDKSettingEditor.cs:146)
System.Reflection.RuntimeMethodInfo:Invoke (object,System.Reflection.BindingFlags,System.Reflection.Binder,object[],System.Globalization.CultureInfo)
System.Reflection.MethodBase:Invoke (object,object[])
UnityEditor.EditorAssemblies:ProcessInitializeOnLoadMethodAttributes ()

[E:/graduateschool/bishe/pico sdk/PICO Unity Integration SDK-3.3.0-20250917/Runtime/Scripts/PXR_ProjectSetting.cs line 122]

System.Reflection.TargetInvocationException: Exception has been thrown by the target of an invocation. ---> UnityEngine.UnityException: Creating asset at path Assets/Resources/PXR_ProjectSetting.asset failed.
  at (wrapper managed-to-native) UnityEditor.AssetDatabase.CreateAsset(UnityEngine.Object,string)
  at Unity.XR.PXR.PXR_ProjectSetting.GetProjectConfig () [0x00161] in E:\graduateschool\bishe\pico sdk\PICO Unity Integration SDK-3.3.0-20250917\Runtime\Scripts\PXR_ProjectSetting.cs:122 
  at Unity.XR.PXR.Editor.PXR_SDKSettingEditor.InitializeOnLoad () [0x00000] in E:\graduateschool\bishe\pico sdk\PICO Unity Integration SDK-3.3.0-20250917\Editor\PXR_SDKSettingEditor.cs:146 
  at (wrapper managed-to-native) System.Reflection.RuntimeMethodInfo.InternalInvoke(System.Reflection.RuntimeMethodInfo,object,object[],System.Exception&)
  at System.Reflection.RuntimeMethodInfo.Invoke (System.Object obj, System.Reflection.BindingFlags invokeAttr, System.Reflection.Binder binder, System.Object[] parameters, System.Globalization.CultureInfo culture) [0x0006a] in <a3b02d6f9b494355b946095ea1f25c54>:0 
   --- End of inner exception stack trace ---
  at System.Reflection.RuntimeMethodInfo.Invoke (System.Object obj, System.Reflection.BindingFlags invokeAttr, System.Reflection.Binder binder, System.Object[] parameters, System.Globalization.CultureInfo culture) [0x00083] in <a3b02d6f9b494355b946095ea1f25c54>:0 
  at System.Reflection.MethodBase.Invoke (System.Object obj, System.Object[] parameters) [0x00000] in <a3b02d6f9b494355b946095ea1f25c54>:0 
  at UnityEditor.EditorAssemblies.ProcessInitializeOnLoadMethodAttributes () [0x000a5] in <227afaeeb5894c00b1d9aa4278f87f8c>:0 
UnityEngine.StackTraceUtility:ExtractStackTrace ()
UnityEngine.DebugLogHandler:LogFormat (UnityEngine.LogType,UnityEngine.Object,string,object[])
UnityEngine.Logger:Log (UnityEngine.LogType,object)
UnityEngine.Debug:LogError (object)
UnityEditor.EditorAssemblies:ProcessInitializeOnLoadMethodAttributes ()

Mono: successfully reloaded assembly
[Package Manager] Server::EnsureServerProcessIsRunning -- launch failed, reason: Unity was launched with the -noUpm command-line argument
[Package Manager] UpmClient::Send -- Unable to send message (not connected to UPM process).
[Package Manager] Cannot connect to Unity Package Manager local server
- Finished resetting the current domain, in  1.413 seconds
Domain Reload Profiling: 1879ms
	BeginReloadAssembly (160ms)
		ExecutionOrderSort (0ms)
		DisableScriptedObjects (3ms)
		BackupInstance (0ms)
		ReleaseScriptingObjects (0ms)
		CreateAndSetChildDomain (41ms)
	RebuildCommonClasses (21ms)
	RebuildNativeTypeToScriptingClass (10ms)
	initialDomainReloadingComplete (27ms)
	LoadAllAssembliesAndSetupDomain (248ms)
		LoadAssemblies (279ms)
		RebuildTransferFunctionScriptingTraits (0ms)
		AnalyzeDomain (43ms)
			TypeCache.Refresh (10ms)
				TypeCache.ScanAssembly (2ms)
			ScanForSourceGeneratedMonoScriptInfo (23ms)
			ResolveRequiredComponents (10ms)
	FinalizeReload (1413ms)
		ReleaseScriptCaches (0ms)
		RebuildScriptCaches (0ms)
		SetupLoadedEditorAssemblies (487ms)
			LogAssemblyErrors (0ms)
			InitializePlatformSupportModulesInManaged (20ms)
			SetLoadedEditorAssemblies (3ms)
			RefreshPlugins (0ms)
			BeforeProcessingInitializeOnLoad (65ms)
			ProcessInitializeOnLoadAttributes (338ms)
			ProcessInitializeOnLoadMethodAttributes (51ms)
			AfterProcessingInitializeOnLoad (10ms)
			EditorAssembliesLoaded (0ms)
		ExecutionOrderSort2 (0ms)
		AwakeInstancesAfterBackupRestoration (13ms)
Refreshing native plugins compatible for Editor in 24.64 ms, found 18 plugins.
Preloading 2 native plugins for Editor in 0.18 ms.
Unloading 6549 Unused Serialized files (Serialized files now loaded: 0)
Unloading 104 unused Assets / (5.0 MB). Loaded Objects now: 7403.
Memory consumption went from 286.5 MB to 281.5 MB.
Total: 5.286800 ms (FindLiveObjects: 0.477900 ms CreateObjectMapping: 0.255600 ms MarkObjects: 3.227600 ms  DeleteObjects: 1.325200 ms)

Prepare: number of updated asset objects reloaded= 0
AssetImportParameters requested are different than current active one (requested -> active):
  custom:container-demuxer-ogg: 62fdf1f143b41e24485cea50d1cbac27 -> 
  custom:framework-win-MediaFoundation: 216162199b28c13a410421893ffa2e32 -> 
  custom:container-muxer-webm: aa71ff27fc2769a1b78a27578f13a17b -> 
  custom:video-decoder-webm-vp8: 9c59270c3fd7afecdb556c50c9e8de78 -> 
  custom:SearchIndexIgnoredProperties: e643bd26f0fe6173181afceb89e7c659 -> 
  custom:AudioImporter_EditorPlatform: d09bf68614088b80899f8185d706f6e7 -> 
  custom:audio-decoder-ogg-vorbis: bf7c407c2cedff20999df2af8eb42d56 -> 
  custom:audio-encoder-webm-vorbis: bf7c407c2cedff20999df2af8eb42d56 -> 
  custom:video-codec-MediaFoundation-h265: 746d11721c4dcdbdad8f713fa42b33f4 -> 
  custom:video-decoder-ogg-theora: a1e56fd34408186e4bbccfd4996cb3dc -> 
  custom:CustomObjectIndexerAttribute: a3ef5dd2817f97addfee359851a9dba5 -> 
  custom:container-demuxer-webm: 4f35f7cbe854078d1ac9338744f61a02 -> 
  custom:video-encoder-webm-vp8: eb34c28f22e8b96e1ab97ce403110664 -> 
========================================================================
Received Prepare
Begin MonoManager ReloadAssembly
- Loaded All Assemblies, in  0.451 seconds
Refreshing native plugins compatible for Editor in 20.89 ms, found 18 plugins.
Native extension for WindowsStandalone target not found
Native extension for Android target not found
[Package Manager] Server::EnsureServerProcessIsRunning -- launch failed, reason: Unity was launched with the -noUpm command-line argument
[Package Manager] UpmClient::Send -- Unable to send message (not connected to UPM process).
[Package Manager] Cannot connect to Unity Package Manager local server
PXRLog [Build Check]RegisterBuildPlayerHandler,Already Do not show: False
UnityEngine.StackTraceUtility:ExtractStackTrace ()
UnityEngine.DebugLogHandler:LogFormat (UnityEngine.LogType,UnityEngine.Object,string,object[])
UnityEngine.Logger:Log (UnityEngine.LogType,object)
UnityEngine.Debug:Log (object)
Unity.XR.PXR.Editor.PXR_SDKBuildCheck:.cctor () (at E:/graduateschool/bishe/pico sdk/PICO Unity Integration SDK-3.3.0-20250917/Editor/PXR_SDKBuildCheck.cs:31)
System.Runtime.CompilerServices.RuntimeHelpers:RunClassConstructor (System.RuntimeTypeHandle)
UnityEditor.EditorAssemblies:ProcessInitializeOnLoadAttributes (System.Type[])

(Filename: E:/graduateschool/bishe/pico sdk/PICO Unity Integration SDK-3.3.0-20250917/Editor/PXR_SDKBuildCheck.cs Line: 31)

CreateSerializedAsset is not supported while importing out-of-process
UnityEngine.StackTraceUtility:ExtractStackTrace ()
Unity.XR.PXR.PXR_ProjectSetting:GetProjectConfig () (at E:/graduateschool/bishe/pico sdk/PICO Unity Integration SDK-3.3.0-20250917/Runtime/Scripts/PXR_ProjectSetting.cs:122)
Unity.XR.PXR.Editor.PXR_SDKSettingEditor:InitializeOnLoad () (at E:/graduateschool/bishe/pico sdk/PICO Unity Integration SDK-3.3.0-20250917/Editor/PXR_SDKSettingEditor.cs:146)
System.Reflection.RuntimeMethodInfo:Invoke (object,System.Reflection.BindingFlags,System.Reflection.Binder,object[],System.Globalization.CultureInfo)
System.Reflection.MethodBase:Invoke (object,object[])
UnityEditor.EditorAssemblies:ProcessInitializeOnLoadMethodAttributes ()

[E:/graduateschool/bishe/pico sdk/PICO Unity Integration SDK-3.3.0-20250917/Runtime/Scripts/PXR_ProjectSetting.cs line 122]

System.Reflection.TargetInvocationException: Exception has been thrown by the target of an invocation. ---> UnityEngine.UnityException: Creating asset at path Assets/Resources/PXR_ProjectSetting.asset failed.
  at (wrapper managed-to-native) UnityEditor.AssetDatabase.CreateAsset(UnityEngine.Object,string)
  at Unity.XR.PXR.PXR_ProjectSetting.GetProjectConfig () [0x00161] in E:\graduateschool\bishe\pico sdk\PICO Unity Integration SDK-3.3.0-20250917\Runtime\Scripts\PXR_ProjectSetting.cs:122 
  at Unity.XR.PXR.Editor.PXR_SDKSettingEditor.InitializeOnLoad () [0x00000] in E:\graduateschool\bishe\pico sdk\PICO Unity Integration SDK-3.3.0-20250917\Editor\PXR_SDKSettingEditor.cs:146 
  at (wrapper managed-to-native) System.Reflection.RuntimeMethodInfo.InternalInvoke(System.Reflection.RuntimeMethodInfo,object,object[],System.Exception&)
  at System.Reflection.RuntimeMethodInfo.Invoke (System.Object obj, System.Reflection.BindingFlags invokeAttr, System.Reflection.Binder binder, System.Object[] parameters, System.Globalization.CultureInfo culture) [0x0006a] in <a3b02d6f9b494355b946095ea1f25c54>:0 
   --- End of inner exception stack trace ---
  at System.Reflection.RuntimeMethodInfo.Invoke (System.Object obj, System.Reflection.BindingFlags invokeAttr, System.Reflection.Binder binder, System.Object[] parameters, System.Globalization.CultureInfo culture) [0x00083] in <a3b02d6f9b494355b946095ea1f25c54>:0 
  at System.Reflection.MethodBase.Invoke (System.Object obj, System.Object[] parameters) [0x00000] in <a3b02d6f9b494355b946095ea1f25c54>:0 
  at UnityEditor.EditorAssemblies.ProcessInitializeOnLoadMethodAttributes () [0x000a5] in <227afaeeb5894c00b1d9aa4278f87f8c>:0 
UnityEngine.StackTraceUtility:ExtractStackTrace ()
UnityEngine.DebugLogHandler:LogFormat (UnityEngine.LogType,UnityEngine.Object,string,object[])
UnityEngine.Logger:Log (UnityEngine.LogType,object)
UnityEngine.Debug:LogError (object)
UnityEditor.EditorAssemblies:ProcessInitializeOnLoadMethodAttributes ()

Mono: successfully reloaded assembly
[Package Manager] Server::EnsureServerProcessIsRunning -- launch failed, reason: Unity was launched with the -noUpm command-line argument
[Package Manager] UpmClient::Send -- Unable to send message (not connected to UPM process).
[Package Manager] Cannot connect to Unity Package Manager local server
- Finished resetting the current domain, in  1.542 seconds
Domain Reload Profiling: 1983ms
	BeginReloadAssembly (153ms)
		ExecutionOrderSort (0ms)
		DisableScriptedObjects (3ms)
		BackupInstance (0ms)
		ReleaseScriptingObjects (0ms)
		CreateAndSetChildDomain (37ms)
	RebuildCommonClasses (22ms)
	RebuildNativeTypeToScriptingClass (10ms)
	initialDomainReloadingComplete (30ms)
	LoadAllAssembliesAndSetupDomain (226ms)
		LoadAssemblies (281ms)
		RebuildTransferFunctionScriptingTraits (0ms)
		AnalyzeDomain (17ms)
			TypeCache.Refresh (4ms)
				TypeCache.ScanAssembly (0ms)
			ScanForSourceGeneratedMonoScriptInfo (0ms)
			ResolveRequiredComponents (12ms)
	FinalizeReload (1542ms)
		ReleaseScriptCaches (0ms)
		RebuildScriptCaches (0ms)
		SetupLoadedEditorAssemblies (565ms)
			LogAssemblyErrors (0ms)
			InitializePlatformSupportModulesInManaged (24ms)
			SetLoadedEditorAssemblies (4ms)
			RefreshPlugins (0ms)
			BeforeProcessingInitializeOnLoad (73ms)
			ProcessInitializeOnLoadAttributes (395ms)
			ProcessInitializeOnLoadMethodAttributes (60ms)
			AfterProcessingInitializeOnLoad (10ms)
			EditorAssembliesLoaded (0ms)
		ExecutionOrderSort2 (0ms)
		AwakeInstancesAfterBackupRestoration (15ms)
Refreshing native plugins compatible for Editor in 21.47 ms, found 18 plugins.
Preloading 2 native plugins for Editor in 0.18 ms.
Unloading 6549 Unused Serialized files (Serialized files now loaded: 0)
Unloading 104 unused Assets / (5.0 MB). Loaded Objects now: 7410.
Memory consumption went from 288.4 MB to 283.4 MB.
Total: 4.949900 ms (FindLiveObjects: 0.492700 ms CreateObjectMapping: 0.131500 ms MarkObjects: 3.043400 ms  DeleteObjects: 1.281400 ms)

Prepare: number of updated asset objects reloaded= 0
AssetImportParameters requested are different than current active one (requested -> active):
  custom:container-demuxer-ogg: 62fdf1f143b41e24485cea50d1cbac27 -> 
  custom:framework-win-MediaFoundation: 216162199b28c13a410421893ffa2e32 -> 
  custom:container-muxer-webm: aa71ff27fc2769a1b78a27578f13a17b -> 
  custom:video-decoder-webm-vp8: 9c59270c3fd7afecdb556c50c9e8de78 -> 
  custom:SearchIndexIgnoredProperties: e643bd26f0fe6173181afceb89e7c659 -> 
  custom:AudioImporter_EditorPlatform: d09bf68614088b80899f8185d706f6e7 -> 
  custom:audio-decoder-ogg-vorbis: bf7c407c2cedff20999df2af8eb42d56 -> 
  custom:audio-encoder-webm-vorbis: bf7c407c2cedff20999df2af8eb42d56 -> 
  custom:video-codec-MediaFoundation-h265: 746d11721c4dcdbdad8f713fa42b33f4 -> 
  custom:video-decoder-ogg-theora: a1e56fd34408186e4bbccfd4996cb3dc -> 
  custom:CustomObjectIndexerAttribute: a3ef5dd2817f97addfee359851a9dba5 -> 
  custom:container-demuxer-webm: 4f35f7cbe854078d1ac9338744f61a02 -> 
  custom:video-encoder-webm-vp8: eb34c28f22e8b96e1ab97ce403110664 -> 
========================================================================
Received Prepare
Begin MonoManager ReloadAssembly
- Loaded All Assemblies, in  0.508 seconds
Refreshing native plugins compatible for Editor in 24.43 ms, found 18 plugins.
Native extension for WindowsStandalone target not found
Native extension for Android target not found
[Package Manager] Server::EnsureServerProcessIsRunning -- launch failed, reason: Unity was launched with the -noUpm command-line argument
[Package Manager] UpmClient::Send -- Unable to send message (not connected to UPM process).
[Package Manager] Cannot connect to Unity Package Manager local server
PXRLog [Build Check]RegisterBuildPlayerHandler,Already Do not show: False
UnityEngine.StackTraceUtility:ExtractStackTrace ()
UnityEngine.DebugLogHandler:LogFormat (UnityEngine.LogType,UnityEngine.Object,string,object[])
UnityEngine.Logger:Log (UnityEngine.LogType,object)
UnityEngine.Debug:Log (object)
Unity.XR.PXR.Editor.PXR_SDKBuildCheck:.cctor () (at E:/graduateschool/bishe/pico sdk/PICO Unity Integration SDK-3.3.0-20250917/Editor/PXR_SDKBuildCheck.cs:31)
System.Runtime.CompilerServices.RuntimeHelpers:RunClassConstructor (System.RuntimeTypeHandle)
UnityEditor.EditorAssemblies:ProcessInitializeOnLoadAttributes (System.Type[])

(Filename: E:/graduateschool/bishe/pico sdk/PICO Unity Integration SDK-3.3.0-20250917/Editor/PXR_SDKBuildCheck.cs Line: 31)

CreateSerializedAsset is not supported while importing out-of-process
UnityEngine.StackTraceUtility:ExtractStackTrace ()
Unity.XR.PXR.PXR_ProjectSetting:GetProjectConfig () (at E:/graduateschool/bishe/pico sdk/PICO Unity Integration SDK-3.3.0-20250917/Runtime/Scripts/PXR_ProjectSetting.cs:122)
Unity.XR.PXR.Editor.PXR_SDKSettingEditor:InitializeOnLoad () (at E:/graduateschool/bishe/pico sdk/PICO Unity Integration SDK-3.3.0-20250917/Editor/PXR_SDKSettingEditor.cs:146)
System.Reflection.RuntimeMethodInfo:Invoke (object,System.Reflection.BindingFlags,System.Reflection.Binder,object[],System.Globalization.CultureInfo)
System.Reflection.MethodBase:Invoke (object,object[])
UnityEditor.EditorAssemblies:ProcessInitializeOnLoadMethodAttributes ()

[E:/graduateschool/bishe/pico sdk/PICO Unity Integration SDK-3.3.0-20250917/Runtime/Scripts/PXR_ProjectSetting.cs line 122]

System.Reflection.TargetInvocationException: Exception has been thrown by the target of an invocation. ---> UnityEngine.UnityException: Creating asset at path Assets/Resources/PXR_ProjectSetting.asset failed.
  at (wrapper managed-to-native) UnityEditor.AssetDatabase.CreateAsset(UnityEngine.Object,string)
  at Unity.XR.PXR.PXR_ProjectSetting.GetProjectConfig () [0x00161] in E:\graduateschool\bishe\pico sdk\PICO Unity Integration SDK-3.3.0-20250917\Runtime\Scripts\PXR_ProjectSetting.cs:122 
  at Unity.XR.PXR.Editor.PXR_SDKSettingEditor.InitializeOnLoad () [0x00000] in E:\graduateschool\bishe\pico sdk\PICO Unity Integration SDK-3.3.0-20250917\Editor\PXR_SDKSettingEditor.cs:146 
  at (wrapper managed-to-native) System.Reflection.RuntimeMethodInfo.InternalInvoke(System.Reflection.RuntimeMethodInfo,object,object[],System.Exception&)
  at System.Reflection.RuntimeMethodInfo.Invoke (System.Object obj, System.Reflection.BindingFlags invokeAttr, System.Reflection.Binder binder, System.Object[] parameters, System.Globalization.CultureInfo culture) [0x0006a] in <a3b02d6f9b494355b946095ea1f25c54>:0 
   --- End of inner exception stack trace ---
  at System.Reflection.RuntimeMethodInfo.Invoke (System.Object obj, System.Reflection.BindingFlags invokeAttr, System.Reflection.Binder binder, System.Object[] parameters, System.Globalization.CultureInfo culture) [0x00083] in <a3b02d6f9b494355b946095ea1f25c54>:0 
  at System.Reflection.MethodBase.Invoke (System.Object obj, System.Object[] parameters) [0x00000] in <a3b02d6f9b494355b946095ea1f25c54>:0 
  at UnityEditor.EditorAssemblies.ProcessInitializeOnLoadMethodAttributes () [0x000a5] in <227afaeeb5894c00b1d9aa4278f87f8c>:0 
UnityEngine.StackTraceUtility:ExtractStackTrace ()
UnityEngine.DebugLogHandler:LogFormat (UnityEngine.LogType,UnityEngine.Object,string,object[])
UnityEngine.Logger:Log (UnityEngine.LogType,object)
UnityEngine.Debug:LogError (object)
UnityEditor.EditorAssemblies:ProcessInitializeOnLoadMethodAttributes ()

Mono: successfully reloaded assembly
[Package Manager] Server::EnsureServerProcessIsRunning -- launch failed, reason: Unity was launched with the -noUpm command-line argument
[Package Manager] UpmClient::Send -- Unable to send message (not connected to UPM process).
[Package Manager] Cannot connect to Unity Package Manager local server
- Finished resetting the current domain, in  1.471 seconds
Domain Reload Profiling: 1971ms
	BeginReloadAssembly (178ms)
		ExecutionOrderSort (0ms)
		DisableScriptedObjects (4ms)
		BackupInstance (0ms)
		ReleaseScriptingObjects (0ms)
		CreateAndSetChildDomain (42ms)
	RebuildCommonClasses (27ms)
	RebuildNativeTypeToScriptingClass (8ms)
	initialDomainReloadingComplete (33ms)
	LoadAllAssembliesAndSetupDomain (253ms)
		LoadAssemblies (295ms)
		RebuildTransferFunctionScriptingTraits (0ms)
		AnalyzeDomain (44ms)
			TypeCache.Refresh (9ms)
				TypeCache.ScanAssembly (2ms)
			ScanForSourceGeneratedMonoScriptInfo (23ms)
			ResolveRequiredComponents (12ms)
	FinalizeReload (1472ms)
		ReleaseScriptCaches (0ms)
		RebuildScriptCaches (0ms)
		SetupLoadedEditorAssemblies (516ms)
			LogAssemblyErrors (0ms)
			InitializePlatformSupportModulesInManaged (23ms)
			SetLoadedEditorAssemblies (3ms)
			RefreshPlugins (0ms)
			BeforeProcessingInitializeOnLoad (70ms)
			ProcessInitializeOnLoadAttributes (355ms)
			ProcessInitializeOnLoadMethodAttributes (55ms)
			AfterProcessingInitializeOnLoad (10ms)
			EditorAssembliesLoaded (0ms)
		ExecutionOrderSort2 (0ms)
		AwakeInstancesAfterBackupRestoration (14ms)
Refreshing native plugins compatible for Editor in 22.22 ms, found 18 plugins.
Preloading 2 native plugins for Editor in 0.13 ms.
Unloading 6548 Unused Serialized files (Serialized files now loaded: 0)
Unloading 105 unused Assets / (5.0 MB). Loaded Objects now: 7416.
Memory consumption went from 290.5 MB to 285.5 MB.
Total: 5.527000 ms (FindLiveObjects: 0.512200 ms CreateObjectMapping: 0.258800 ms MarkObjects: 3.440900 ms  DeleteObjects: 1.314200 ms)

Prepare: number of updated asset objects reloaded= 0
AssetImportParameters requested are different than current active one (requested -> active):
  custom:container-demuxer-ogg: 62fdf1f143b41e24485cea50d1cbac27 -> 
  custom:framework-win-MediaFoundation: 216162199b28c13a410421893ffa2e32 -> 
  custom:container-muxer-webm: aa71ff27fc2769a1b78a27578f13a17b -> 
  custom:video-decoder-webm-vp8: 9c59270c3fd7afecdb556c50c9e8de78 -> 
  custom:SearchIndexIgnoredProperties: e643bd26f0fe6173181afceb89e7c659 -> 
  custom:AudioImporter_EditorPlatform: d09bf68614088b80899f8185d706f6e7 -> 
  custom:audio-decoder-ogg-vorbis: bf7c407c2cedff20999df2af8eb42d56 -> 
  custom:audio-encoder-webm-vorbis: bf7c407c2cedff20999df2af8eb42d56 -> 
  custom:video-codec-MediaFoundation-h265: 746d11721c4dcdbdad8f713fa42b33f4 -> 
  custom:video-decoder-ogg-theora: a1e56fd34408186e4bbccfd4996cb3dc -> 
  custom:CustomObjectIndexerAttribute: a3ef5dd2817f97addfee359851a9dba5 -> 
  custom:container-demuxer-webm: 4f35f7cbe854078d1ac9338744f61a02 -> 
  custom:video-encoder-webm-vp8: eb34c28f22e8b96e1ab97ce403110664 -> 
========================================================================
Received Prepare
Begin MonoManager ReloadAssembly
- Loaded All Assemblies, in  0.523 seconds
Refreshing native plugins compatible for Editor in 19.88 ms, found 18 plugins.
Native extension for WindowsStandalone target not found
Native extension for Android target not found
[Package Manager] Server::EnsureServerProcessIsRunning -- launch failed, reason: Unity was launched with the -noUpm command-line argument
[Package Manager] UpmClient::Send -- Unable to send message (not connected to UPM process).
[Package Manager] Cannot connect to Unity Package Manager local server
PXRLog [Build Check]RegisterBuildPlayerHandler,Already Do not show: False
UnityEngine.StackTraceUtility:ExtractStackTrace ()
UnityEngine.DebugLogHandler:LogFormat (UnityEngine.LogType,UnityEngine.Object,string,object[])
UnityEngine.Logger:Log (UnityEngine.LogType,object)
UnityEngine.Debug:Log (object)
Unity.XR.PXR.Editor.PXR_SDKBuildCheck:.cctor () (at E:/graduateschool/bishe/pico sdk/PICO Unity Integration SDK-3.3.0-20250917/Editor/PXR_SDKBuildCheck.cs:31)
System.Runtime.CompilerServices.RuntimeHelpers:RunClassConstructor (System.RuntimeTypeHandle)
UnityEditor.EditorAssemblies:ProcessInitializeOnLoadAttributes (System.Type[])

(Filename: E:/graduateschool/bishe/pico sdk/PICO Unity Integration SDK-3.3.0-20250917/Editor/PXR_SDKBuildCheck.cs Line: 31)

CreateSerializedAsset is not supported while importing out-of-process
UnityEngine.StackTraceUtility:ExtractStackTrace ()
Unity.XR.PXR.PXR_ProjectSetting:GetProjectConfig () (at E:/graduateschool/bishe/pico sdk/PICO Unity Integration SDK-3.3.0-20250917/Runtime/Scripts/PXR_ProjectSetting.cs:122)
Unity.XR.PXR.Editor.PXR_SDKSettingEditor:InitializeOnLoad () (at E:/graduateschool/bishe/pico sdk/PICO Unity Integration SDK-3.3.0-20250917/Editor/PXR_SDKSettingEditor.cs:146)
System.Reflection.RuntimeMethodInfo:Invoke (object,System.Reflection.BindingFlags,System.Reflection.Binder,object[],System.Globalization.CultureInfo)
System.Reflection.MethodBase:Invoke (object,object[])
UnityEditor.EditorAssemblies:ProcessInitializeOnLoadMethodAttributes ()

[E:/graduateschool/bishe/pico sdk/PICO Unity Integration SDK-3.3.0-20250917/Runtime/Scripts/PXR_ProjectSetting.cs line 122]

System.Reflection.TargetInvocationException: Exception has been thrown by the target of an invocation. ---> UnityEngine.UnityException: Creating asset at path Assets/Resources/PXR_ProjectSetting.asset failed.
  at (wrapper managed-to-native) UnityEditor.AssetDatabase.CreateAsset(UnityEngine.Object,string)
  at Unity.XR.PXR.PXR_ProjectSetting.GetProjectConfig () [0x00161] in E:\graduateschool\bishe\pico sdk\PICO Unity Integration SDK-3.3.0-20250917\Runtime\Scripts\PXR_ProjectSetting.cs:122 
  at Unity.XR.PXR.Editor.PXR_SDKSettingEditor.InitializeOnLoad () [0x00000] in E:\graduateschool\bishe\pico sdk\PICO Unity Integration SDK-3.3.0-20250917\Editor\PXR_SDKSettingEditor.cs:146 
  at (wrapper managed-to-native) System.Reflection.RuntimeMethodInfo.InternalInvoke(System.Reflection.RuntimeMethodInfo,object,object[],System.Exception&)
  at System.Reflection.RuntimeMethodInfo.Invoke (System.Object obj, System.Reflection.BindingFlags invokeAttr, System.Reflection.Binder binder, System.Object[] parameters, System.Globalization.CultureInfo culture) [0x0006a] in <a3b02d6f9b494355b946095ea1f25c54>:0 
   --- End of inner exception stack trace ---
  at System.Reflection.RuntimeMethodInfo.Invoke (System.Object obj, System.Reflection.BindingFlags invokeAttr, System.Reflection.Binder binder, System.Object[] parameters, System.Globalization.CultureInfo culture) [0x00083] in <a3b02d6f9b494355b946095ea1f25c54>:0 
  at System.Reflection.MethodBase.Invoke (System.Object obj, System.Object[] parameters) [0x00000] in <a3b02d6f9b494355b946095ea1f25c54>:0 
  at UnityEditor.EditorAssemblies.ProcessInitializeOnLoadMethodAttributes () [0x000a5] in <227afaeeb5894c00b1d9aa4278f87f8c>:0 
UnityEngine.StackTraceUtility:ExtractStackTrace ()
UnityEngine.DebugLogHandler:LogFormat (UnityEngine.LogType,UnityEngine.Object,string,object[])
UnityEngine.Logger:Log (UnityEngine.LogType,object)
UnityEngine.Debug:LogError (object)
UnityEditor.EditorAssemblies:ProcessInitializeOnLoadMethodAttributes ()

Mono: successfully reloaded assembly
[Package Manager] Server::EnsureServerProcessIsRunning -- launch failed, reason: Unity was launched with the -noUpm command-line argument
[Package Manager] UpmClient::Send -- Unable to send message (not connected to UPM process).
[Package Manager] Cannot connect to Unity Package Manager local server
- Finished resetting the current domain, in  1.474 seconds
Domain Reload Profiling: 1987ms
	BeginReloadAssembly (170ms)
		ExecutionOrderSort (0ms)
		DisableScriptedObjects (3ms)
		BackupInstance (0ms)
		ReleaseScriptingObjects (0ms)
		CreateAndSetChildDomain (42ms)
	RebuildCommonClasses (28ms)
	RebuildNativeTypeToScriptingClass (9ms)
	initialDomainReloadingComplete (32ms)
	LoadAllAssembliesAndSetupDomain (272ms)
		LoadAssemblies (301ms)
		RebuildTransferFunctionScriptingTraits (0ms)
		AnalyzeDomain (50ms)
			TypeCache.Refresh (9ms)
				TypeCache.ScanAssembly (1ms)
			ScanForSourceGeneratedMonoScriptInfo (28ms)
			ResolveRequiredComponents (13ms)
	FinalizeReload (1475ms)
		ReleaseScriptCaches (0ms)
		RebuildScriptCaches (0ms)
		SetupLoadedEditorAssemblies (535ms)
			LogAssemblyErrors (0ms)
			InitializePlatformSupportModulesInManaged (21ms)
			SetLoadedEditorAssemblies (3ms)
			RefreshPlugins (0ms)
			BeforeProcessingInitializeOnLoad (71ms)
			ProcessInitializeOnLoadAttributes (370ms)
			ProcessInitializeOnLoadMethodAttributes (57ms)
			AfterProcessingInitializeOnLoad (12ms)
			EditorAssembliesLoaded (0ms)
		ExecutionOrderSort2 (0ms)
		AwakeInstancesAfterBackupRestoration (12ms)
Refreshing native plugins compatible for Editor in 24.03 ms, found 18 plugins.
Preloading 2 native plugins for Editor in 0.13 ms.
Unloading 6549 Unused Serialized files (Serialized files now loaded: 0)
Unloading 104 unused Assets / (5.0 MB). Loaded Objects now: 7424.
Memory consumption went from 292.5 MB to 287.5 MB.
Total: 5.486900 ms (FindLiveObjects: 0.567000 ms CreateObjectMapping: 0.232700 ms MarkObjects: 3.023400 ms  DeleteObjects: 1.663300 ms)

Prepare: number of updated asset objects reloaded= 0
AssetImportParameters requested are different than current active one (requested -> active):
  custom:container-demuxer-ogg: 62fdf1f143b41e24485cea50d1cbac27 -> 
  custom:framework-win-MediaFoundation: 216162199b28c13a410421893ffa2e32 -> 
  custom:container-muxer-webm: aa71ff27fc2769a1b78a27578f13a17b -> 
  custom:video-decoder-webm-vp8: 9c59270c3fd7afecdb556c50c9e8de78 -> 
  custom:SearchIndexIgnoredProperties: e643bd26f0fe6173181afceb89e7c659 -> 
  custom:AudioImporter_EditorPlatform: d09bf68614088b80899f8185d706f6e7 -> 
  custom:audio-decoder-ogg-vorbis: bf7c407c2cedff20999df2af8eb42d56 -> 
  custom:audio-encoder-webm-vorbis: bf7c407c2cedff20999df2af8eb42d56 -> 
  custom:video-codec-MediaFoundation-h265: 746d11721c4dcdbdad8f713fa42b33f4 -> 
  custom:video-decoder-ogg-theora: a1e56fd34408186e4bbccfd4996cb3dc -> 
  custom:CustomObjectIndexerAttribute: a3ef5dd2817f97addfee359851a9dba5 -> 
  custom:container-demuxer-webm: 4f35f7cbe854078d1ac9338744f61a02 -> 
  custom:video-encoder-webm-vp8: eb34c28f22e8b96e1ab97ce403110664 -> 
========================================================================
Received Prepare
Begin MonoManager ReloadAssembly
- Loaded All Assemblies, in  0.501 seconds
Refreshing native plugins compatible for Editor in 21.87 ms, found 18 plugins.
Native extension for WindowsStandalone target not found
Native extension for Android target not found
[Package Manager] Server::EnsureServerProcessIsRunning -- launch failed, reason: Unity was launched with the -noUpm command-line argument
[Package Manager] UpmClient::Send -- Unable to send message (not connected to UPM process).
[Package Manager] Cannot connect to Unity Package Manager local server
PXRLog [Build Check]RegisterBuildPlayerHandler,Already Do not show: False
UnityEngine.StackTraceUtility:ExtractStackTrace ()
UnityEngine.DebugLogHandler:LogFormat (UnityEngine.LogType,UnityEngine.Object,string,object[])
UnityEngine.Logger:Log (UnityEngine.LogType,object)
UnityEngine.Debug:Log (object)
Unity.XR.PXR.Editor.PXR_SDKBuildCheck:.cctor () (at E:/graduateschool/bishe/pico sdk/PICO Unity Integration SDK-3.3.0-20250917/Editor/PXR_SDKBuildCheck.cs:31)
System.Runtime.CompilerServices.RuntimeHelpers:RunClassConstructor (System.RuntimeTypeHandle)
UnityEditor.EditorAssemblies:ProcessInitializeOnLoadAttributes (System.Type[])

(Filename: E:/graduateschool/bishe/pico sdk/PICO Unity Integration SDK-3.3.0-20250917/Editor/PXR_SDKBuildCheck.cs Line: 31)

CreateSerializedAsset is not supported while importing out-of-process
UnityEngine.StackTraceUtility:ExtractStackTrace ()
Unity.XR.PXR.PXR_ProjectSetting:GetProjectConfig () (at E:/graduateschool/bishe/pico sdk/PICO Unity Integration SDK-3.3.0-20250917/Runtime/Scripts/PXR_ProjectSetting.cs:122)
Unity.XR.PXR.Editor.PXR_SDKSettingEditor:InitializeOnLoad () (at E:/graduateschool/bishe/pico sdk/PICO Unity Integration SDK-3.3.0-20250917/Editor/PXR_SDKSettingEditor.cs:146)
System.Reflection.RuntimeMethodInfo:Invoke (object,System.Reflection.BindingFlags,System.Reflection.Binder,object[],System.Globalization.CultureInfo)
System.Reflection.MethodBase:Invoke (object,object[])
UnityEditor.EditorAssemblies:ProcessInitializeOnLoadMethodAttributes ()

[E:/graduateschool/bishe/pico sdk/PICO Unity Integration SDK-3.3.0-20250917/Runtime/Scripts/PXR_ProjectSetting.cs line 122]

System.Reflection.TargetInvocationException: Exception has been thrown by the target of an invocation. ---> UnityEngine.UnityException: Creating asset at path Assets/Resources/PXR_ProjectSetting.asset failed.
  at (wrapper managed-to-native) UnityEditor.AssetDatabase.CreateAsset(UnityEngine.Object,string)
  at Unity.XR.PXR.PXR_ProjectSetting.GetProjectConfig () [0x00161] in E:\graduateschool\bishe\pico sdk\PICO Unity Integration SDK-3.3.0-20250917\Runtime\Scripts\PXR_ProjectSetting.cs:122 
  at Unity.XR.PXR.Editor.PXR_SDKSettingEditor.InitializeOnLoad () [0x00000] in E:\graduateschool\bishe\pico sdk\PICO Unity Integration SDK-3.3.0-20250917\Editor\PXR_SDKSettingEditor.cs:146 
  at (wrapper managed-to-native) System.Reflection.RuntimeMethodInfo.InternalInvoke(System.Reflection.RuntimeMethodInfo,object,object[],System.Exception&)
  at System.Reflection.RuntimeMethodInfo.Invoke (System.Object obj, System.Reflection.BindingFlags invokeAttr, System.Reflection.Binder binder, System.Object[] parameters, System.Globalization.CultureInfo culture) [0x0006a] in <a3b02d6f9b494355b946095ea1f25c54>:0 
   --- End of inner exception stack trace ---
  at System.Reflection.RuntimeMethodInfo.Invoke (System.Object obj, System.Reflection.BindingFlags invokeAttr, System.Reflection.Binder binder, System.Object[] parameters, System.Globalization.CultureInfo culture) [0x00083] in <a3b02d6f9b494355b946095ea1f25c54>:0 
  at System.Reflection.MethodBase.Invoke (System.Object obj, System.Object[] parameters) [0x00000] in <a3b02d6f9b494355b946095ea1f25c54>:0 
  at UnityEditor.EditorAssemblies.ProcessInitializeOnLoadMethodAttributes () [0x000a5] in <227afaeeb5894c00b1d9aa4278f87f8c>:0 
UnityEngine.StackTraceUtility:ExtractStackTrace ()
UnityEngine.DebugLogHandler:LogFormat (UnityEngine.LogType,UnityEngine.Object,string,object[])
UnityEngine.Logger:Log (UnityEngine.LogType,object)
UnityEngine.Debug:LogError (object)
UnityEditor.EditorAssemblies:ProcessInitializeOnLoadMethodAttributes ()

Mono: successfully reloaded assembly
[Package Manager] Server::EnsureServerProcessIsRunning -- launch failed, reason: Unity was launched with the -noUpm command-line argument
[Package Manager] UpmClient::Send -- Unable to send message (not connected to UPM process).
[Package Manager] Cannot connect to Unity Package Manager local server
- Finished resetting the current domain, in  1.666 seconds
Domain Reload Profiling: 2158ms
	BeginReloadAssembly (171ms)
		ExecutionOrderSort (0ms)
		DisableScriptedObjects (3ms)
		BackupInstance (0ms)
		ReleaseScriptingObjects (0ms)
		CreateAndSetChildDomain (42ms)
	RebuildCommonClasses (28ms)
	RebuildNativeTypeToScriptingClass (8ms)
	initialDomainReloadingComplete (32ms)
	LoadAllAssembliesAndSetupDomain (253ms)
		LoadAssemblies (313ms)
		RebuildTransferFunctionScriptingTraits (0ms)
		AnalyzeDomain (21ms)
			TypeCache.Refresh (6ms)
				TypeCache.ScanAssembly (0ms)
			ScanForSourceGeneratedMonoScriptInfo (0ms)
			ResolveRequiredComponents (14ms)
	FinalizeReload (1667ms)
		ReleaseScriptCaches (0ms)
		RebuildScriptCaches (0ms)
		SetupLoadedEditorAssemblies (662ms)
			LogAssemblyErrors (0ms)
			InitializePlatformSupportModulesInManaged (26ms)
			SetLoadedEditorAssemblies (3ms)
			RefreshPlugins (0ms)
			BeforeProcessingInitializeOnLoad (80ms)
			ProcessInitializeOnLoadAttributes (465ms)
			ProcessInitializeOnLoadMethodAttributes (74ms)
			AfterProcessingInitializeOnLoad (12ms)
			EditorAssembliesLoaded (1ms)
		ExecutionOrderSort2 (0ms)
		AwakeInstancesAfterBackupRestoration (16ms)
Refreshing native plugins compatible for Editor in 25.17 ms, found 18 plugins.
Preloading 2 native plugins for Editor in 0.15 ms.
Unloading 6549 Unused Serialized files (Serialized files now loaded: 0)
Unloading 104 unused Assets / (5.0 MB). Loaded Objects now: 7431.
Memory consumption went from 294.4 MB to 289.4 MB.
Total: 6.568200 ms (FindLiveObjects: 0.618500 ms CreateObjectMapping: 0.326000 ms MarkObjects: 3.699900 ms  DeleteObjects: 1.922900 ms)

Prepare: number of updated asset objects reloaded= 0
AssetImportParameters requested are different than current active one (requested -> active):
  custom:container-demuxer-ogg: 62fdf1f143b41e24485cea50d1cbac27 -> 
  custom:framework-win-MediaFoundation: 216162199b28c13a410421893ffa2e32 -> 
  custom:container-muxer-webm: aa71ff27fc2769a1b78a27578f13a17b -> 
  custom:video-decoder-webm-vp8: 9c59270c3fd7afecdb556c50c9e8de78 -> 
  custom:SearchIndexIgnoredProperties: e643bd26f0fe6173181afceb89e7c659 -> 
  custom:AudioImporter_EditorPlatform: d09bf68614088b80899f8185d706f6e7 -> 
  custom:audio-decoder-ogg-vorbis: bf7c407c2cedff20999df2af8eb42d56 -> 
  custom:audio-encoder-webm-vorbis: bf7c407c2cedff20999df2af8eb42d56 -> 
  custom:video-codec-MediaFoundation-h265: 746d11721c4dcdbdad8f713fa42b33f4 -> 
  custom:video-decoder-ogg-theora: a1e56fd34408186e4bbccfd4996cb3dc -> 
  custom:CustomObjectIndexerAttribute: a3ef5dd2817f97addfee359851a9dba5 -> 
  custom:container-demuxer-webm: 4f35f7cbe854078d1ac9338744f61a02 -> 
  custom:video-encoder-webm-vp8: eb34c28f22e8b96e1ab97ce403110664 -> 
========================================================================
Received Prepare
Begin MonoManager ReloadAssembly
- Loaded All Assemblies, in  0.450 seconds
Refreshing native plugins compatible for Editor in 19.43 ms, found 18 plugins.
Native extension for WindowsStandalone target not found
Native extension for Android target not found
[Package Manager] Server::EnsureServerProcessIsRunning -- launch failed, reason: Unity was launched with the -noUpm command-line argument
[Package Manager] UpmClient::Send -- Unable to send message (not connected to UPM process).
[Package Manager] Cannot connect to Unity Package Manager local server
PXRLog [Build Check]RegisterBuildPlayerHandler,Already Do not show: False
UnityEngine.StackTraceUtility:ExtractStackTrace ()
UnityEngine.DebugLogHandler:LogFormat (UnityEngine.LogType,UnityEngine.Object,string,object[])
UnityEngine.Logger:Log (UnityEngine.LogType,object)
UnityEngine.Debug:Log (object)
Unity.XR.PXR.Editor.PXR_SDKBuildCheck:.cctor () (at E:/graduateschool/bishe/pico sdk/PICO Unity Integration SDK-3.3.0-20250917/Editor/PXR_SDKBuildCheck.cs:31)
System.Runtime.CompilerServices.RuntimeHelpers:RunClassConstructor (System.RuntimeTypeHandle)
UnityEditor.EditorAssemblies:ProcessInitializeOnLoadAttributes (System.Type[])

(Filename: E:/graduateschool/bishe/pico sdk/PICO Unity Integration SDK-3.3.0-20250917/Editor/PXR_SDKBuildCheck.cs Line: 31)

CreateSerializedAsset is not supported while importing out-of-process
UnityEngine.StackTraceUtility:ExtractStackTrace ()
Unity.XR.PXR.PXR_ProjectSetting:GetProjectConfig () (at E:/graduateschool/bishe/pico sdk/PICO Unity Integration SDK-3.3.0-20250917/Runtime/Scripts/PXR_ProjectSetting.cs:122)
Unity.XR.PXR.Editor.PXR_SDKSettingEditor:InitializeOnLoad () (at E:/graduateschool/bishe/pico sdk/PICO Unity Integration SDK-3.3.0-20250917/Editor/PXR_SDKSettingEditor.cs:146)
System.Reflection.RuntimeMethodInfo:Invoke (object,System.Reflection.BindingFlags,System.Reflection.Binder,object[],System.Globalization.CultureInfo)
System.Reflection.MethodBase:Invoke (object,object[])
UnityEditor.EditorAssemblies:ProcessInitializeOnLoadMethodAttributes ()

[E:/graduateschool/bishe/pico sdk/PICO Unity Integration SDK-3.3.0-20250917/Runtime/Scripts/PXR_ProjectSetting.cs line 122]

System.Reflection.TargetInvocationException: Exception has been thrown by the target of an invocation. ---> UnityEngine.UnityException: Creating asset at path Assets/Resources/PXR_ProjectSetting.asset failed.
  at (wrapper managed-to-native) UnityEditor.AssetDatabase.CreateAsset(UnityEngine.Object,string)
  at Unity.XR.PXR.PXR_ProjectSetting.GetProjectConfig () [0x00161] in E:\graduateschool\bishe\pico sdk\PICO Unity Integration SDK-3.3.0-20250917\Runtime\Scripts\PXR_ProjectSetting.cs:122 
  at Unity.XR.PXR.Editor.PXR_SDKSettingEditor.InitializeOnLoad () [0x00000] in E:\graduateschool\bishe\pico sdk\PICO Unity Integration SDK-3.3.0-20250917\Editor\PXR_SDKSettingEditor.cs:146 
  at (wrapper managed-to-native) System.Reflection.RuntimeMethodInfo.InternalInvoke(System.Reflection.RuntimeMethodInfo,object,object[],System.Exception&)
  at System.Reflection.RuntimeMethodInfo.Invoke (System.Object obj, System.Reflection.BindingFlags invokeAttr, System.Reflection.Binder binder, System.Object[] parameters, System.Globalization.CultureInfo culture) [0x0006a] in <a3b02d6f9b494355b946095ea1f25c54>:0 
   --- End of inner exception stack trace ---
  at System.Reflection.RuntimeMethodInfo.Invoke (System.Object obj, System.Reflection.BindingFlags invokeAttr, System.Reflection.Binder binder, System.Object[] parameters, System.Globalization.CultureInfo culture) [0x00083] in <a3b02d6f9b494355b946095ea1f25c54>:0 
  at System.Reflection.MethodBase.Invoke (System.Object obj, System.Object[] parameters) [0x00000] in <a3b02d6f9b494355b946095ea1f25c54>:0 
  at UnityEditor.EditorAssemblies.ProcessInitializeOnLoadMethodAttributes () [0x000a5] in <227afaeeb5894c00b1d9aa4278f87f8c>:0 
UnityEngine.StackTraceUtility:ExtractStackTrace ()
UnityEngine.DebugLogHandler:LogFormat (UnityEngine.LogType,UnityEngine.Object,string,object[])
UnityEngine.Logger:Log (UnityEngine.LogType,object)
UnityEngine.Debug:LogError (object)
UnityEditor.EditorAssemblies:ProcessInitializeOnLoadMethodAttributes ()

Mono: successfully reloaded assembly
[Package Manager] Server::EnsureServerProcessIsRunning -- launch failed, reason: Unity was launched with the -noUpm command-line argument
[Package Manager] UpmClient::Send -- Unable to send message (not connected to UPM process).
[Package Manager] Cannot connect to Unity Package Manager local server
- Finished resetting the current domain, in  1.489 seconds
Domain Reload Profiling: 1930ms
	BeginReloadAssembly (150ms)
		ExecutionOrderSort (0ms)
		DisableScriptedObjects (3ms)
		BackupInstance (0ms)
		ReleaseScriptingObjects (0ms)
		CreateAndSetChildDomain (36ms)
	RebuildCommonClasses (24ms)
	RebuildNativeTypeToScriptingClass (11ms)
	initialDomainReloadingComplete (31ms)
	LoadAllAssembliesAndSetupDomain (225ms)
		LoadAssemblies (275ms)
		RebuildTransferFunctionScriptingTraits (0ms)
		AnalyzeDomain (20ms)
			TypeCache.Refresh (5ms)
				TypeCache.ScanAssembly (0ms)
			ScanForSourceGeneratedMonoScriptInfo (0ms)
			ResolveRequiredComponents (14ms)
	FinalizeReload (1489ms)
		ReleaseScriptCaches (0ms)
		RebuildScriptCaches (0ms)
		SetupLoadedEditorAssemblies (558ms)
			LogAssemblyErrors (0ms)
			InitializePlatformSupportModulesInManaged (24ms)
			SetLoadedEditorAssemblies (3ms)
			RefreshPlugins (0ms)
			BeforeProcessingInitializeOnLoad (74ms)
			ProcessInitializeOnLoadAttributes (386ms)
			ProcessInitializeOnLoadMethodAttributes (59ms)
			AfterProcessingInitializeOnLoad (12ms)
			EditorAssembliesLoaded (0ms)
		ExecutionOrderSort2 (0ms)
		AwakeInstancesAfterBackupRestoration (15ms)
Refreshing native plugins compatible for Editor in 25.27 ms, found 18 plugins.
Preloading 2 native plugins for Editor in 0.17 ms.
Unloading 6549 Unused Serialized files (Serialized files now loaded: 0)
Unloading 104 unused Assets / (5.0 MB). Loaded Objects now: 7438.
Memory consumption went from 296.3 MB to 291.4 MB.
Total: 5.779300 ms (FindLiveObjects: 0.488800 ms CreateObjectMapping: 0.257200 ms MarkObjects: 3.575000 ms  DeleteObjects: 1.457300 ms)

Prepare: number of updated asset objects reloaded= 0
AssetImportParameters requested are different than current active one (requested -> active):
  custom:container-demuxer-ogg: 62fdf1f143b41e24485cea50d1cbac27 -> 
  custom:framework-win-MediaFoundation: 216162199b28c13a410421893ffa2e32 -> 
  custom:container-muxer-webm: aa71ff27fc2769a1b78a27578f13a17b -> 
  custom:video-decoder-webm-vp8: 9c59270c3fd7afecdb556c50c9e8de78 -> 
  custom:SearchIndexIgnoredProperties: e643bd26f0fe6173181afceb89e7c659 -> 
  custom:AudioImporter_EditorPlatform: d09bf68614088b80899f8185d706f6e7 -> 
  custom:audio-decoder-ogg-vorbis: bf7c407c2cedff20999df2af8eb42d56 -> 
  custom:audio-encoder-webm-vorbis: bf7c407c2cedff20999df2af8eb42d56 -> 
  custom:video-codec-MediaFoundation-h265: 746d11721c4dcdbdad8f713fa42b33f4 -> 
  custom:video-decoder-ogg-theora: a1e56fd34408186e4bbccfd4996cb3dc -> 
  custom:CustomObjectIndexerAttribute: a3ef5dd2817f97addfee359851a9dba5 -> 
  custom:container-demuxer-webm: 4f35f7cbe854078d1ac9338744f61a02 -> 
  custom:video-encoder-webm-vp8: eb34c28f22e8b96e1ab97ce403110664 -> 
